"relative_path","size_bytes","sha256"
"arrays/flow01_Bscan000_SV_Rectangle_v1_mentor_tracking_pilot.mat","6719401","7f5015bf0df1fb34dea898ce28dd85afa69e9a209c4f17e94eebcd53e6613547"
"arrays/flow01_Bscan249_SV_Rectangle_v1_mentor_tracking_pilot.mat","6717247","97d7e3ade801c13e64c1cd4da03508b12b5654bafec9382042ea5732830c4977"
"arrays/flow01_Bscan499_SV_Rectangle_v1_mentor_tracking_pilot.mat","6716788","b73d85153a36cd737591e76fa291dd3ff731a2757447bc6300f009090a58b290"
"arrays/flow03_Bscan000_SV_Rectangle_v1_mentor_tracking_pilot.mat","6718214","3d1b22a5c9bb7b8983f8b10143b7d2dba06dc031ad0c018940edb0aceedcaefd"
"arrays/flow03_Bscan249_SV_Rectangle_v1_mentor_tracking_pilot.mat","6717060","eadd12c1064a2b44d921ad53123150e59ebe9e98457a89e2c3e2d0af063202a4"
"arrays/flow03_Bscan499_SV_Rectangle_v1_mentor_tracking_pilot.mat","6716154","91f6aafac81606699c9c6cee7b687d9e0d9c54ef6bf8f235db2a888f3a3a802d"
"arrays/flow05_Bscan000_SV_Rectangle_v1_mentor_tracking_pilot.mat","6719053","c05a5041b4b74b010873230090fe9b3af1788249bc9b4596a4cf0d9c9dc2936e"
"arrays/flow05_Bscan249_SV_Rectangle_v1_mentor_tracking_pilot.mat","6717061","9addfec03f533e36cc2d1ad50974db90408462315a07d10517980bc062cca451"
"arrays/flow05_Bscan499_SV_Rectangle_v1_mentor_tracking_pilot.mat","6716260","6ed1dac10920a0a96ef9a6ff07b5b581dc3d8199b439b86c95e05c78c35ab84a"
"arrays/flow07_Bscan000_SV_Rectangle_v1_mentor_tracking_pilot.mat","6718956","7595988340b60b6da6c78ce0bede49a08a98df8ba7b91d58a4a531be65a07666"
"arrays/flow07_Bscan249_SV_Rectangle_v1_mentor_tracking_pilot.mat","6717528","b4d05f8c7dc625869a3a1281eb50c0527fdd68a0806ba558a96756996abf51a6"
"arrays/flow07_Bscan499_SV_Rectangle_v1_mentor_tracking_pilot.mat","6716057","82117df7b8d9b81890d2c4ddf784a29dc6488b124a9c6bbf0d429cfd95e52640"
"arrays/flow10_Bscan000_SV_Rectangle_v1_mentor_tracking_pilot.mat","6718932","1ab3f9cd5a617764659c3839464147b349ad12d29bfa11752a55fcd25abcee4d"
"arrays/flow10_Bscan249_SV_Rectangle_v1_mentor_tracking_pilot.mat","6717263","ebe761f17cb9813cdf768822b199d38bc8bc1ab49d031546b52ba3337b52b57f"
"arrays/flow10_Bscan499_SV_Rectangle_v1_mentor_tracking_pilot.mat","6716482","1b4f5c2aef6c9c957a04bf82da05f82a23ad1f2fb4f4c83f76b991f1e48a75e4"
