"relative_path","bytes","sha256"
"arrays_sha256.csv","2308","1bbd80c5f3c718ba01e315bae31f708b539f3832679d5cc1a1d0027d54721ead"
"comparison_vs_legacy_upper_edge.csv","2589","045da411ccd57edf70b7ab6b405b5a372a8ee2d07cb5a7b815be2642997739ef"
"comparison_vs_legacy_upper_edge_15.png","1005460","d271fb0e7af1c4904700c6e405161e9166f0e1a55714d47b61608e7e8231ce0c"
"detection_bins.csv","166","c049cd3f681d0217bf02ceed7c6dc9ca80f506693e5d011af12e6b3960cb1eb9"
"detection_results.csv","1904","a4903317af7ae4e887de3080c274bf352145b8c92d3af25ca7d3b5b842d65d3f"
"flow03_gap_diagnostic_frames_420_436_447.csv","698","23c3ca534883d31c69ee62ebce80f93c36a4562e63e2616209db9b88e7c881c7"
"flow03_gap_diagnostic_frames_420_436_447.png","959082","ca7f48706b29f08efd42100bdc62bac20b78ec5a3491ccfcaddbaea78bbbff58"
"frame_results.csv","25386","e32280cd0a9feea2e11ac014f9332fb85280655fd1ac729edd33c08ea06f609f"
"full_volume_tracking_audit.csv","504","b82eaf446c9f76e58e7c473a3ec705f8903829a3741fa1e9019be5656b8747b1"
"legacy_threshold_matrix_15.csv","15005","a41b031eebe07d1970346708c803d927a249655c7a8876f203e8986818b4fc5f"
"localization.csv","12176","4713ddc3c235bdbf78ce6cf98382016961fa29c3e6b4f1c86f8a321390bac317"
"logs/manual_adjustments.csv","54","b7f44e3ef2ab36fbac279b9d0407aa16407569881c0d5cf2d5c736b94baec0f2"
"manifest.csv","5891","34f24697a4b27a0265e70c005e8bc9699dc45f7cab57f321d933f4058ae1be20"
"mentor_tracking_upper_edge_v2_overview_15.png","757735","4701f81c0a691da659edeb069358c9d9372e8933d79ede67532a74cf531db9fa"
"mentor_tracking_upper_edge_v2_trajectories_5x500.png","567975","0562598ea9fce5b323893cd2f0fbf47f38e8f39552f21f273562be1eb67acca0"
"persistent_threshold_matrix_15.csv","12947","57cd2863f4cc05cf06c810cd90011628ee2edd150cfbd9e5a93a79b5c62d4b55"
"profiles.csv","1378522","ed2b54cb5db7b3180c3fa201d0d7bed97972fc8246f8207a9069332d52fd8c00"
"profiles/flow01_Bscan000_SV_Rectangle_v1_mentor_tracking_upper_edge_v2_pilot.csv","91644","8077255a431630502c0d36726d0b87a14ca9870998bd86e6c43fe3dfc1f71544"
"profiles/flow01_Bscan249_SV_Rectangle_v1_mentor_tracking_upper_edge_v2_pilot.csv","92424","6bf9874bc2e8e4a628d060718dec7747376f08e619c9c93f01850bf44ccbd46f"
"profiles/flow01_Bscan499_SV_Rectangle_v1_mentor_tracking_upper_edge_v2_pilot.csv","92294","ca904c916c37d18b498b9b081e85de99fa25f5e9935b0b09d071e3c8d626e451"
"profiles/flow03_Bscan000_SV_Rectangle_v1_mentor_tracking_upper_edge_v2_pilot.csv","91576","323128a304f69cc6fdeb1e86b7e9ec88d8b8929ed8b4299e4f60d630f7246251"
"profiles/flow03_Bscan249_SV_Rectangle_v1_mentor_tracking_upper_edge_v2_pilot.csv","92345","ac60d4668c70110aaffdc2447b7bc31cbbb07ea69098822e9e391d25d1e707da"
"profiles/flow03_Bscan499_SV_Rectangle_v1_mentor_tracking_upper_edge_v2_pilot.csv","92368","31b7c20463f3e82769eb4276f42bb4101856d6373dd903314d8a85f6caf6feb5"
"profiles/flow05_Bscan000_SV_Rectangle_v1_mentor_tracking_upper_edge_v2_pilot.csv","91580","264cc7ca24a2f5a6dd282773fdfd8b13b7569f1c69276444c6e7f79a7cb5ea71"
"profiles/flow05_Bscan249_SV_Rectangle_v1_mentor_tracking_upper_edge_v2_pilot.csv","92382","1e587f07cd5ff60f59ae594d9228b8ba6d9d975f4f27fc384290e5fc77cae621"
"profiles/flow05_Bscan499_SV_Rectangle_v1_mentor_tracking_upper_edge_v2_pilot.csv","92317","66feb458c666dcc9c9b22ec8f1afcbbf2602ec7a01369a3a83bc2f11b4b15356"
"profiles/flow07_Bscan000_SV_Rectangle_v1_mentor_tracking_upper_edge_v2_pilot.csv","91706","c59205bb63f62c696716f87a79050cf62810ea258fcbcac432b40d5e1464b90c"
"profiles/flow07_Bscan249_SV_Rectangle_v1_mentor_tracking_upper_edge_v2_pilot.csv","92375","ee0ff52578fff3acc80a81c688834b01e2e6879355c78f10c86769c6da2d7151"
"profiles/flow07_Bscan499_SV_Rectangle_v1_mentor_tracking_upper_edge_v2_pilot.csv","92310","f0602067881a059963812fa0d5027eef5cc7e22eda9c55ea2bf5777336b16dff"
"profiles/flow10_Bscan000_SV_Rectangle_v1_mentor_tracking_upper_edge_v2_pilot.csv","91855","4f0784cde8dcecdd27f5b1a2260155f86cffc9a5612fb4c50ec80d1a6e44fd9f"
"profiles/flow10_Bscan249_SV_Rectangle_v1_mentor_tracking_upper_edge_v2_pilot.csv","92730","4b483992b1a0a8e89c4b370ec39aa71a5600988e749e47feb24cb6c0c8fe0d7d"
"profiles/flow10_Bscan499_SV_Rectangle_v1_mentor_tracking_upper_edge_v2_pilot.csv","92746","5ce4ee053903a09fbcebc64bf75fab8d3fd659f2fee56f2bb8ea81a01530df88"
"qc/flow01_Bscan000_SV_Rectangle_v1_mentor_tracking_upper_edge_v2_pilot_QC01-03.png","389822","2159b70177dbaf0bd0b01f4148d20b4b40434c1cb5b3c45534c3348c1f32939d"
"qc/flow01_Bscan249_SV_Rectangle_v1_mentor_tracking_upper_edge_v2_pilot_QC01-03.png","435290","a8114cf6aa1fddff5399b4017676bc6a8c4e96dd60f543484fbcd53c9edd8e45"
"qc/flow01_Bscan499_SV_Rectangle_v1_mentor_tracking_upper_edge_v2_pilot_QC01-03.png","466041","a6b1a93db51836e9b09db016fcd1bffb818886d8c0d231a5be4cd3974d4b8b4e"
"qc/flow03_Bscan000_SV_Rectangle_v1_mentor_tracking_upper_edge_v2_pilot_QC01-03.png","355870","ced5de52c1b85592e1ea59cb27c135670c5fec0d24e4278aef2737b0cea76d8d"
"qc/flow03_Bscan249_SV_Rectangle_v1_mentor_tracking_upper_edge_v2_pilot_QC01-03.png","472455","8bcad7194e1caf1cf83612a7ec47848fb9140f37d35741c0ed7eb4ef576777a7"
"qc/flow03_Bscan499_SV_Rectangle_v1_mentor_tracking_upper_edge_v2_pilot_QC01-03.png","514871","5928a755abdf779f1de54b6aef33a5ea9bffca084c87b22f707cbb9d40713915"
"qc/flow05_Bscan000_SV_Rectangle_v1_mentor_tracking_upper_edge_v2_pilot_QC01-03.png","363598","9855bf74c0a7b97eb2e17eb277d9a2672aad060331c4d58231892c6378e2034c"
"qc/flow05_Bscan249_SV_Rectangle_v1_mentor_tracking_upper_edge_v2_pilot_QC01-03.png","516700","1294571c02d5cbf7b1b0ecbe9d652cefd1ecc50fc6009c56464d3c056a18de9b"
"qc/flow05_Bscan499_SV_Rectangle_v1_mentor_tracking_upper_edge_v2_pilot_QC01-03.png","529189","82e9b831edf219ac0184f5bc54aea997fb8aa07feb4014364cf861dac11c6251"
"qc/flow07_Bscan000_SV_Rectangle_v1_mentor_tracking_upper_edge_v2_pilot_QC01-03.png","411191","ebe4e3bc5eb2b9607c9f5bd130110c340b6ecdd9069d033b3871ba9d61501f03"
"qc/flow07_Bscan249_SV_Rectangle_v1_mentor_tracking_upper_edge_v2_pilot_QC01-03.png","447430","84140fa94951c0cbe788c9394b94f74ac07192dbe0626af8240895f51462fbed"
"qc/flow07_Bscan499_SV_Rectangle_v1_mentor_tracking_upper_edge_v2_pilot_QC01-03.png","397888","d69669b0038ab80530d299b3f01b8116afbd2420a1dd2f3c41c3a8616f2f1e2e"
"qc/flow10_Bscan000_SV_Rectangle_v1_mentor_tracking_upper_edge_v2_pilot_QC01-03.png","367000","5774297f9f6cfa5d600e40e481beca397e95cb1932fce7327f68bd558cc7c9e5"
"qc/flow10_Bscan249_SV_Rectangle_v1_mentor_tracking_upper_edge_v2_pilot_QC01-03.png","492393","98611d6e7bde4e4c0931b80feb64f9d8dbc81bf91dbc8220a246a8a9d07cf241"
"qc/flow10_Bscan499_SV_Rectangle_v1_mentor_tracking_upper_edge_v2_pilot_QC01-03.png","426238","bbe0c998b63044f8c0776abf28db7252474d9ee386a6ffed8be337e86e5d8153"
"README.md","4040","d2956e38201bb8edda221e42475c9b30fce0ff0e2ffc3dcf24a784bb972e54ab"
"run_complete.json","1333","eb67fa1ddf01bc14ad419c2854259eae58d6d3c09a709fe705469a0be0cdc5fb"
"run_config.json","1540","0fce1bb84eafde2a68745ec2d77ededbd784cd631d962e3778c0c4df0c260810"
"scan_summary.csv","1346","2ca16cc64dfbfb14af7590d5e09e597dbeccdc9c0eb6f203e2d284cff92a8e87"
"sensitivity_results.csv","23566","b42e2a32a46cb2692c135c949790daea84c49e586a9ae9bef1f679c61cecf4c5"
"tracking/flow01/flow01_mentor_tracking.csv","527205","42c82e16d43707e2ae63d79e3b33265200f586dc0c17719d9860d89d4f5a0567"
"tracking/flow01/flow01_mentor_tracking.metadata.json","6958","aa7d3cd23048b840bc384ea34d625455a10a892735dcec1e68e4ce7ad96a9f35"
"tracking/flow03/flow03_mentor_tracking.csv","525313","824150d66f07374688496897920bb5bc6c7a5315b1bdc1b6b2f6b83ddf2d68b7"
"tracking/flow03/flow03_mentor_tracking.metadata.json","6958","d9de169e2cccdd0a7cb1858e96e3de6e3432346e80ea60e5fe33f6338c839ce7"
"tracking/flow05/flow05_mentor_tracking.csv","529090","58cb562a70bf13b96d43c3d6ffe528042749df9981886e16da5f8ee59c4f8475"
"tracking/flow05/flow05_mentor_tracking.metadata.json","6958","abb0dbe70f4a2336de6a6c662fa658d206954a4f56b14e0b4b6ee51a0ced407e"
"tracking/flow07/flow07_mentor_tracking.csv","526439","10f7ba6d712c7c0acc37f6fd1065fac3fec87fa645532d0c0f86d4cdc81fba22"
"tracking/flow07/flow07_mentor_tracking.metadata.json","6958","7d519178fd0222b00ff845ce1462e3e82656f070d308347393b72d97a411aa3b"
"tracking/flow10/flow10_mentor_tracking.csv","527270","f379a4360d767784abc2ca5dfcff65648b1100b66c4988254564b09cd7f3c1cc"
"tracking/flow10/flow10_mentor_tracking.metadata.json","6959","4bf2036246780bb1572dedd2bd2fca2e0297ac8321f5ae22d5e3a273b1940c69"
