scan_id,flow_mm_s,target_r_um,n_frames,ri_r_mean,ri_r_q1,ri_r_median,ri_r_q3,ri_r_iqr,ri_r_min,ri_r_max,ri_r_negative_n,ri_r_negative_fraction,T_median,actual_r_median_um,abs_depth_error_median_um,abs_depth_error_max_um
flow01,1,0,486,0.55928811494751018,0.33337090607107711,0.51219038186661292,0.7120527894530394,0.37868188338196229,-0.1985201171341385,4.0467626378663883,5,0.010288065843621399,12367.5,2.6500000000000115,2.6500000000000115,2.6500000000000115
flow01,1,10,486,0.54417832184060189,0.33930719537933107,0.4959375643606424,0.67432079467943329,0.33501359930010222,-0.10739968133268819,2.5868082139372754,1,0.00205761316872428,12368.5,9.3500000000000121,0.64999999999998792,0.64999999999998792
flow01,1,20,486,0.44991566657423293,0.24979770303887638,0.40117982584630307,0.58747824806270799,0.3376805450238316,-0.15990177744384759,2.5988406298574698,2,0.00411522633744856,12369.5,22.750000000000007,2.7500000000000071,2.7500000000000071
flow01,1,30,486,0.4419776077760042,0.26516770450163119,0.42017764714934858,0.5554928102957194,0.29032510579408821,-0.30949125758003732,2.8582976806317948,8,0.01646090534979424,12370.5,29.450000000000014,0.5499999999999865,0.5499999999999865
flow01,1,40,486,0.37014901509901799,0.22101235123398943,0.32720398749739038,0.47744214991034833,0.2564297986763589,-0.079306512680406199,1.3757477950833099,6,0.012345679012345678,12371.5,42.850000000000016,2.8500000000000156,2.8500000000000156
flow01,1,50,486,0.36866823702203327,0.21042524708170668,0.33999732643397024,0.48570081398552212,0.27527556690381544,-0.23371507780432049,1.3558053467745022,13,0.026748971193415638,12372.5,49.550000000000011,0.44999999999998863,0.44999999999998863
flow01,1,60,486,0.36239441396311789,0.17777998569762551,0.31298413988990686,0.45055217175960249,0.27277218606197695,-0.1396606576971032,5.5706942693321135,13,0.026748971193415638,12373.5,62.95000000000001,2.9500000000000099,2.9500000000000099
flow01,1,70,486,0.3020787135752469,0.16879699663098147,0.27156878785588856,0.40275260344170083,0.23395560681071936,-0.1208296947920309,1.4570860629760649,11,0.022633744855967079,12374.5,69.65000000000002,0.3499999999999801,0.3499999999999801
flow01,1,80,486,0.26014403632543021,0.12868873507703421,0.2390638495656113,0.35280201176254555,0.22411327668551134,-0.15307690103321789,1.0271287756756151,16,0.03292181069958848,12375.5,83.050000000000011,3.0500000000000114,3.0500000000000114
flow01,1,90,486,0.24446247987884301,0.12618201295644726,0.21949412023196715,0.33566518795524358,0.20948317499879632,-0.34932985490503432,1.2907388876428827,27,0.055555555555555552,12376.5,89.750000000000014,0.24999999999998579,0.24999999999998579
flow01,1,100,486,0.20296486570799624,0.10354655019635103,0.1864602770091629,0.29090794925739794,0.1873613990610469,-0.32766593396524912,0.93159404590482442,37,0.076131687242798354,12377.5,103.15000000000002,3.1500000000000199,3.1500000000000199
flow01,1,110,486,0.19236649730984584,0.083413642792222131,0.17909836116429934,0.27693271143811182,0.19351906864588969,-0.31838534513080741,0.76585959708971185,30,0.061728395061728392,12378.5,109.84999999999999,0.15000000000000568,0.15000000000000568
flow01,1,120,486,0.18243325246563449,0.08195606602490968,0.16139917806322146,0.27391705259983135,0.19196098657492167,-0.18508983797348411,1.0846262375498861,47,0.096707818930041156,12379.5,123.25,3.25,3.25
flow01,1,130,486,0.17249955869375366,0.079600195122120132,0.15805225418240781,0.25220639793982302,0.17260620281770289,-0.19849011770955499,1.2243509022439685,48,0.098765432098765427,12380.5,129.95000000000002,0.049999999999982947,0.049999999999982947
flow01,1,140,486,0.16087553931068244,0.064865980982172694,0.14350254139223573,0.24603960446398362,0.18117362348181093,-0.30025281832408263,0.86983028187074307,51,0.10493827160493827,12381.5,136.65000000000001,3.3499999999999943,3.3499999999999943
flow01,1,150,486,0.14482440695498244,0.051952973580632097,0.13255124161921766,0.22027825024299422,0.16832527666236213,-0.2113063701061752,0.82751526894750682,54,0.1111111111111111,12382.5,150.05000000000001,0.050000000000011369,0.050000000000011369
flow01,1,160,486,0.13850553485113321,0.047964400151482699,0.11815404871372154,0.20395928637469057,0.15599488622320787,-0.23603461333795911,0.91133470109778958,61,0.12551440329218108,12383.5,156.75000000000003,3.2499999999999716,3.2499999999999716
flow01,1,170,486,0.1251228103617277,0.049355428941342025,0.10964101969566326,0.19319438088507884,0.1438389519437368,-0.28301116372922502,1.0160836215084657,75,0.15432098765432098,12384.5,170.15000000000001,0.15000000000000568,0.15000000000000568
flow01,1,180,486,0.10946156151000618,0.019457603602363975,0.094909321139919456,0.17974664746886077,0.16028904386649678,-0.25369247249750088,0.75903623085939587,91,0.18724279835390947,12385.5,176.85000000000002,3.1499999999999773,3.1499999999999773
flow01,1,190,486,0.097282432201896876,0.016363721367406752,0.089686564137327507,0.16268784931100327,0.14632412794359653,-0.30593623735162873,0.56919981257272323,85,0.17489711934156379,12386.5,190.25000000000003,0.25000000000002842,0.25000000000002842
flow01,1,200,486,0.094192747480334044,0.0169663710429316,0.087024229069486703,0.16787439347691224,0.15090802243398063,-0.3025903001520302,0.53508608024269877,97,0.19958847736625515,12387.5,196.94999999999999,3.0500000000000114,3.0500000000000114
flow01,1,210,486,0.080253152176233036,0.010576713382235075,0.070878425220774949,0.13802334524278442,0.12744663186054936,-0.23875153386179329,1.0854902688165322,103,0.21193415637860083,12388.5,210.34999999999999,0.34999999999999432,0.34999999999999432
flow01,1,220,486,0.072359473398944385,-0.00052962109853597504,0.064816660775043,0.13574744267204608,0.13627706377058205,-0.38127303159956999,0.63729322921224907,123,0.25308641975308643,12389.5,217.05000000000001,2.9499999999999886,2.9499999999999886
flow01,1,230,486,0.067316940190471228,-0.00082751489080807499,0.063731712128260051,0.14004878918332045,0.14087630407412852,-0.66315434536695483,0.54261431488859035,124,0.2551440329218107,12390.5,230.44999999999999,0.44999999999998863,0.44999999999998863
flow01,1,240,486,0.073746665474422837,0.0043762467994130742,0.065586777786143052,0.13485896773563166,0.1304827209362186,-0.23614705423704291,0.4860217703904291,114,0.23456790123456789,12391.5,237.15000000000001,2.8499999999999943,2.8499999999999943
flow01,1,250,486,0.066558133275068876,-0.00072213924223199998,0.062656034432338845,0.13049845923593861,0.13122059847817061,-0.37883089397432218,0.51529713875623795,123,0.25308641975308643,12392.5,250.55000000000001,0.55000000000001137,0.55000000000001137
flow01,1,260,486,0.056181003452532012,-0.0086611335199321751,0.050173008733616645,0.12072258335002813,0.12938371686996031,-0.2885117847874592,0.4667199835887067,144,0.29629629629629628,12393.5,257.25,2.75,2.75
flow01,1,270,486,0.063629068355604598,-0.0017335588932467999,0.05606533521548155,0.12884050337855738,0.13057406227180418,-0.25047126168041223,0.852597475558447,125,0.25720164609053497,12394.5,270.65000000000003,0.65000000000003411,0.65000000000003411
flow01,1,280,486,0.045809426284187355,-0.018056184357951324,0.046344439356148195,0.10910448167891833,0.12716066603686965,-0.46839675371370032,0.525814684284995,145,0.29835390946502055,12395.5,277.35000000000002,2.6499999999999773,2.6499999999999773
flow01,1,290,486,0.039283455935403291,-0.0209926521211189,0.034399133194355003,0.10199127198104917,0.12298392410216807,-0.2371363372904727,0.4257716352357675,166,0.34156378600823045,12396.5,290.75,0.75,0.75
flow01,1,300,486,0.035536301816485455,-0.024868982024294949,0.034508466525378548,0.093288982274962698,0.11815796429925765,-0.43833635091990752,0.47676626972297759,175,0.360082304526749,12397.5,297.45000000000005,2.5499999999999545,2.5499999999999545
flow01,1,310,486,0.031305024521516053,-0.025668612396422926,0.029502941810526602,0.089197418065737749,0.11486603046216068,-0.35883639245086751,0.44861454575952697,178,0.36625514403292181,12398.5,310.85000000000002,0.85000000000002274,0.85000000000002274
flow01,1,320,486,0.028442174065192574,-0.028007781244328324,0.027871159292026652,0.082703209268807101,0.11071099051313543,-0.32442872122368638,0.2528906010392043,177,0.36419753086419754,12399.5,317.55000000000001,2.4499999999999886,2.4499999999999886
flow01,1,330,486,0.027064412464989387,-0.03334211826660255,0.025212998073734352,0.08620340511586258,0.11954552338246513,-0.31823887170989951,0.45371366899964871,175,0.360082304526749,12400.5,330.95000000000005,0.95000000000004547,0.95000000000004547
flow01,1,340,486,0.030882745512212387,-0.0258960589519182,0.0272481176677472,0.090580573875910869,0.11647663282782907,-0.35355984322160572,0.37602420065982328,181,0.37242798353909468,12401.5,337.65000000000003,2.3499999999999659,2.3499999999999659
flow01,1,350,486,0.020598954387405687,-0.034499731134348323,0.02456513008066195,0.071375553681106596,0.10587528481545491,-0.28462806437174532,0.35258919664800092,188,0.38683127572016462,12402.5,351.05000000000001,1.0500000000000114,1.0500000000000114
flow01,1,360,486,0.017938355683613804,-0.039176645566154897,0.018011274615561051,0.07113941142603547,0.11031605699219037,-0.28536619758057158,0.34272317594343882,191,0.39300411522633744,12403.5,357.75,2.25,2.25
flow01,1,370,486,0.024137787013711175,-0.026413626586431451,0.0264736765277548,0.077975602227228269,0.10438922881365972,-0.25029558040317279,0.33063288599721641,179,0.36831275720164608,12404.5,371.14999999999998,1.1499999999999773,1.1499999999999773
flow01,1,380,486,0.019728768121653237,-0.030387263340435275,0.022246372975997099,0.078490917553982631,0.10887818089441791,-0.35535636830568562,0.2986224747382043,186,0.38271604938271603,12405.5,377.85000000000002,2.1499999999999773,2.1499999999999773
flow01,1,390,486,0.018873099444429848,-0.031635810213155251,0.018116926789134749,0.072911735350831425,0.10454754556398668,-0.28964440407250158,0.3083364186677014,201,0.41358024691358025,12406.5,391.25,1.25,1.25
flow01,1,400,486,0.011274936057579345,-0.051403069033100553,0.01092889512221625,0.067683124642870213,0.11908619367597076,-0.37287011237080148,0.34498605931174853,215,0.44238683127572015,12407.5,397.9500000000001,2.0499999999998977,2.0499999999998977
flow01,1,410,486,0.015773640230666658,-0.038923603685783806,0.0138630748434107,0.06917391843503963,0.10809752212082344,-0.31940418666790021,0.28500737364823481,213,0.43827160493827161,12408.5,411.35000000000002,1.3500000000000227,1.3500000000000227
flow01,1,420,486,0.018309503290822829,-0.038227459432167751,0.016629402743698649,0.075404176527993194,0.11363163596016095,-0.30031445274687218,0.3478446348506139,197,0.40534979423868311,12409.5,418.05000000000001,1.9499999999999886,1.9499999999999886
flow01,1,430,486,0.013162364134947525,-0.034327836670975651,0.01481040816419585,0.057372713365936454,0.091700550036912104,-0.31094945887718378,0.28233933436293918,208,0.4279835390946502,12410.5,431.4500000000001,1.4500000000001023,1.4500000000001023
flow01,1,440,486,0.0055528745741188533,-0.04558295558602185,0.0082266545672678507,0.058045545393708528,0.10362850097973038,-0.39376710914190077,0.29527166336362348,223,0.45884773662551442,12411.5,438.14999999999998,1.8500000000000227,1.8500000000000227
flow01,1,450,486,0.010745819361748269,-0.041363755273442146,0.01462896120434665,0.06833924205963654,0.10970299733307869,-0.44411652948627911,0.29157412114561942,214,0.44032921810699588,12412.5,451.55000000000001,1.5500000000000114,1.5500000000000114
flow01,1,460,486,0.0061812177934203894,-0.045848823474101352,0.0066791149973206496,0.058046243642964873,0.10389506711706623,-0.3710237928686228,0.3627918959788009,229,0.4711934156378601,12413.5,458.25,1.75,1.75
flow01,1,470,486,0.012065942615214974,-0.036546203918804254,0.013647222317337952,0.05856784691094255,0.095114050829746805,-0.511440225998537,0.39188953161411538,198,0.40740740740740738,12414.5,471.64999999999998,1.6499999999999773,1.6499999999999773
flow01,1,480,486,0.011639610024330812,-0.046061467414544172,0.0096732483964095985,0.060377028336265529,0.1064384957508097,-0.36791978935282599,0.36493686044927942,219,0.45061728395061729,12415.5,478.35000000000002,1.6499999999999773,1.6499999999999773
flow01,1,490,486,0.0051374781074044395,-0.043862823921077002,0.0065354579416139003,0.052502377528957672,0.096365201450034674,-0.56752902395966298,0.3196203898261204,228,0.46913580246913578,12416.5,491.75,1.75,1.75
flow01,1,500,486,0.0045955761949716071,-0.043735180209186403,0.0057657633802815,0.055921915338564304,0.099657095547750707,-0.42876368534741799,0.31008183106140491,225,0.46296296296296297,12417.5,498.4500000000001,1.5499999999998977,1.5499999999998977
flow03,3,0,468,0.54888518400313746,0.29679159123462623,0.47880913683552712,0.73912608415402659,0.44233449291940036,-1.4797326170713725,4.2118770405426096,6,0.01282051282051282,36694.5,2.6500000000000115,2.6500000000000115,2.6500000000000115
flow03,3,10,468,0.49720679198190076,0.29039740236481992,0.43372632747284323,0.61728714340006541,0.32688974103524548,-0.2012605771802411,4.2083629403115639,6,0.01282051282051282,36695.5,9.3500000000000121,0.64999999999998792,0.64999999999998792
flow03,3,20,468,0.45755042295681742,0.24796924303267251,0.40015902962936822,0.57319074577387674,0.3252215027412042,-0.085588967126325993,2.917173965317887,6,0.01282051282051282,36696.5,22.750000000000007,2.7500000000000071,2.7500000000000071
flow03,3,30,468,0.40852719178748825,0.22253275135071238,0.34761082874369242,0.53299951822048186,0.31046676686976948,-0.45824748028921602,2.290780814833643,7,0.014957264957264958,36697.5,29.450000000000014,0.5499999999999865,0.5499999999999865
flow03,3,40,468,0.34731108090530322,0.18760605419592882,0.31265411756875999,0.46539995189831251,0.27779389770238372,-0.287310863015174,2.7511003208904743,9,0.019230769230769232,36698.5,42.850000000000016,2.8500000000000156,2.8500000000000156
flow03,3,50,468,0.34352154769027915,0.17808149001251794,0.29534614750794252,0.46138436574141256,0.28330287572889462,-0.0571291810905281,1.545820652564303,9,0.019230769230769232,36699.5,49.550000000000011,0.44999999999998863,0.44999999999998863
flow03,3,60,468,0.31172957229575121,0.16845873105148401,0.28151071238058917,0.40272167827329625,0.23426294722181223,-0.075738018253742698,2.103851852658142,14,0.029914529914529916,36700.5,62.95000000000001,2.9500000000000099,2.9500000000000099
flow03,3,70,468,0.30071800235608026,0.15234456726550305,0.26137820881292095,0.38739952285908436,0.23505495559358131,-0.1468883446576319,2.2781510274464281,10,0.021367521367521368,36701.5,69.65000000000002,0.3499999999999801,0.3499999999999801
flow03,3,80,468,0.26228463617244957,0.1279848006564866,0.23119780707921875,0.33337656563175999,0.20539176497527339,-0.1633928242490649,1.4660110066812386,15,0.032051282051282048,36702.5,83.050000000000011,3.0500000000000114,3.0500000000000114
flow03,3,90,468,0.23021645098908847,0.12231333659534617,0.21297214295712757,0.31657574561214014,0.19426240901679398,-0.25185978831205758,1.4212188285579139,21,0.044871794871794872,36703.5,89.750000000000014,0.24999999999998579,0.24999999999998579
flow03,3,100,468,0.20916109863559523,0.088572947934205976,0.184510343101637,0.28703056751921485,0.19845761958500888,-0.22569098737058829,1.0357292227864636,37,0.079059829059829057,36704.5,103.15000000000002,3.1500000000000199,3.1500000000000199
flow03,3,110,468,0.18561179260076927,0.084317146737156373,0.16647128579253867,0.26037049195298129,0.17605334521582491,-0.28510356123179947,1.345707157630873,37,0.079059829059829057,36705.5,109.84999999999999,0.15000000000000568,0.15000000000000568
flow03,3,120,468,0.19172872654681056,0.083466132432967605,0.17199952159390192,0.26324020803697096,0.17977407560400335,-0.21711764658096461,1.0059403337730248,29,0.061965811965811968,36706.5,123.25,3.25,3.25
flow03,3,130,468,0.16651670693426626,0.072595692495918171,0.14970225798439774,0.24591130744476,0.17331561494884185,-0.12773103025418561,0.68111083811003115,46,0.098290598290598288,36707.5,129.95000000000002,0.049999999999982947,0.049999999999982947
flow03,3,140,468,0.15409294379214822,0.059193153521579521,0.13633018017736548,0.22243327084096354,0.16324011731938401,-0.26774249328669791,1.1954826366962974,62,0.13247863247863248,36708.5,136.65000000000001,3.3499999999999943,3.3499999999999943
flow03,3,150,468,0.1405231005665224,0.050746402922155251,0.1269775712767382,0.21344780193821519,0.16270139901605996,-0.39055721381196562,0.78715922509974756,47,0.10042735042735043,36709.5,150.05000000000001,0.050000000000011369,0.050000000000011369
flow03,3,160,468,0.13621465683270761,0.046452581392446277,0.1135869045916392,0.20634068211342518,0.15988810072097892,-0.2289475683905941,0.74386324080429933,64,0.13675213675213677,36710.5,156.75000000000003,3.2499999999999716,3.2499999999999716
flow03,3,170,468,0.10951883063759968,0.041712002094507247,0.1042948260267048,0.16974726515196903,0.12803526305746177,-0.4121020457034032,0.50230020531163744,69,0.14743589743589744,36711.5,170.15000000000001,0.15000000000000568,0.15000000000000568
flow03,3,180,468,0.11392795453027438,0.032037730119791226,0.0999797756446206,0.18548658518166566,0.15344885506187445,-0.20238623047569451,0.57132606538768782,71,0.1517094017094017,36712.5,176.85000000000002,3.1499999999999773,3.1499999999999773
flow03,3,190,468,0.093023502682599457,0.016421416680349049,0.080741745256245889,0.16313041692942509,0.14670900024907604,-0.23487590104515621,0.55612907823704205,92,0.19658119658119658,36713.5,190.25000000000003,0.25000000000002842,0.25000000000002842
flow03,3,200,468,0.097899998012568296,0.018951031579049,0.089081030446674356,0.15754987535575407,0.13859884377670506,-0.25240094680558761,0.61455827119411677,86,0.18376068376068377,36714.5,196.94999999999999,3.0500000000000114,3.0500000000000114
flow03,3,210,468,0.07294817685168975,0.00271217710233875,0.07017900136350505,0.12901851200872888,0.12630633490639012,-0.45228006788004688,0.57959276515895386,113,0.24145299145299146,36715.5,210.34999999999999,0.34999999999999432,0.34999999999999432
flow03,3,220,468,0.070152070379064943,0.0077494858965375755,0.065629553837207949,0.1296811380941939,0.12193165219765632,-0.37024307709427318,0.50841512624172014,102,0.21794871794871795,36716.5,217.05000000000001,2.9499999999999886,2.9499999999999886
flow03,3,230,468,0.069295149312072368,0.0070449409508021501,0.071358128851299149,0.12907313052379035,0.12202818957298821,-0.26038549421995211,0.4686486636930991,106,0.2264957264957265,36717.5,230.44999999999999,0.44999999999998863,0.44999999999998863
flow03,3,240,468,0.058783707640834799,-0.0016435564140471501,0.055943551661917099,0.11632745389113942,0.11797101030518657,-0.2471976735304163,0.47068694743863332,120,0.25641025641025639,36718.5,237.15000000000001,2.8499999999999943,2.8499999999999943
flow03,3,250,468,0.052357375477042369,-0.0068127548511195003,0.048168718091359655,0.11506499319128188,0.12187774804240138,-0.29853669817442019,0.4071850727017115,132,0.28205128205128205,36719.5,250.55000000000001,0.55000000000001137,0.55000000000001137
flow03,3,260,468,0.052175228446419572,-0.014208864123922926,0.047198687522233551,0.10958444715900832,0.12379331128293125,-0.2807947247444868,0.72422997059696415,145,0.30982905982905984,36720.5,257.25,2.75,2.75
flow03,3,270,468,0.04718997739048713,-0.014760462138442849,0.0406171257238927,0.1023009781359118,0.11706144027435464,-0.28372715286199668,0.38800583960129831,148,0.31623931623931623,36721.5,270.65000000000003,0.65000000000003411,0.65000000000003411
flow03,3,280,468,0.04065647098729424,-0.016314761585461503,0.035356939376343252,0.098914670000258678,0.11522943158572019,-0.28253788578252298,0.55021139787788953,146,0.31196581196581197,36722.5,277.35000000000002,2.6499999999999773,2.6499999999999773
flow03,3,290,468,0.04321641026399535,-0.019289513669276327,0.044626659592008601,0.10333888366571761,0.12262839733499394,-0.3014551203066439,0.422722389396953,151,0.32264957264957267,36723.5,290.75,0.75,0.75
flow03,3,300,468,0.044800367721278142,-0.014057848014466374,0.037263926746439094,0.10045875585839981,0.11451660387286618,-0.2754606294524084,0.4216572491576463,149,0.31837606837606836,36724.5,297.45000000000005,2.5499999999999545,2.5499999999999545
flow03,3,310,468,0.033132885269301873,-0.023772864782793002,0.033854297424773153,0.087058944468341823,0.11083180925113482,-0.58547746168097858,0.48690801999251088,161,0.34401709401709402,36725.5,310.85000000000002,0.85000000000002274,0.85000000000002274
flow03,3,320,468,0.034597491537051508,-0.015168074245897575,0.034103602312523053,0.092215865787635631,0.1073839400335332,-0.28713128770053881,0.2914581981687574,155,0.33119658119658119,36726.5,317.55000000000001,2.4499999999999886,2.4499999999999886
flow03,3,330,468,0.02742057820666503,-0.025657210336252876,0.0256915638148121,0.079223868904385902,0.10488107924063877,-0.30550508928886022,0.36178604072868442,173,0.36965811965811968,36727.5,330.95000000000005,0.95000000000004547,0.95000000000004547
flow03,3,340,468,0.026801338886535284,-0.0282806729163467,0.025161491718575749,0.081391335951636223,0.10967200886798292,-0.3224960288759795,0.27403234167502499,176,0.37606837606837606,36728.5,337.65000000000003,2.3499999999999659,2.3499999999999659
flow03,3,350,468,0.019878648124673423,-0.0355867216593913,0.018059184811689298,0.07116441849214275,0.10675114015153406,-0.27775282223266612,0.37289375166728222,192,0.41025641025641024,36729.5,351.05000000000001,1.0500000000000114,1.0500000000000114
flow03,3,360,468,0.022358180223296904,-0.0285979968418399,0.017021410322266652,0.074226482532638999,0.1028244793744789,-0.29828221139914712,0.34267132038773529,191,0.40811965811965811,36730.5,357.75,2.25,2.25
flow03,3,370,468,0.02131722386613457,-0.037791531734082805,0.0205664292696741,0.080824538826200373,0.11861607056028317,-0.41063726498020442,0.36976944432913672,199,0.4252136752136752,36731.5,371.14999999999998,1.1499999999999773,1.1499999999999773
flow03,3,380,468,0.020440394184840421,-0.034163026939137753,0.0240578993948369,0.073347154566392972,0.10751018150553072,-0.2156737242143561,0.33316751571862657,181,0.38675213675213677,36732.5,377.85000000000002,2.1499999999999773,2.1499999999999773
flow03,3,390,468,0.012061932121915175,-0.042478446105921178,0.011391199585195449,0.059341592003120447,0.10182003810904162,-0.29535916954871372,0.39054228473797892,207,0.44230769230769229,36733.5,391.25,1.25,1.25
flow03,3,400,468,0.019541842171300804,-0.027112491721722372,0.023957223441651451,0.067838205636622517,0.094950697358344882,-0.28263550048266961,0.28273811721047681,167,0.35683760683760685,36734.5,397.9500000000001,2.0499999999998977,2.0499999999998977
flow03,3,410,468,0.019743041130556829,-0.037996452473912548,0.01353139936659975,0.071880019978574974,0.10987647245248752,-0.26625096816230548,0.4117882520361395,190,0.40598290598290598,36735.5,411.35000000000002,1.3500000000000227,1.3500000000000227
flow03,3,420,468,0.0078897603733063971,-0.039099053674489376,0.011211897715862399,0.0596076142399459,0.098706667914435275,-0.30485509972062041,0.44254976791587503,208,0.44444444444444442,36736.5,418.05000000000001,1.9499999999999886,1.9499999999999886
flow03,3,430,468,0.0042387200401796795,-0.044934198293385949,0.0025739616525017502,0.0624565263517168,0.10739072464510274,-0.3807836322870865,0.31631729114288881,228,0.48717948717948717,36737.5,431.4500000000001,1.4500000000001023,1.4500000000001023
flow03,3,440,468,0.012882791329542412,-0.038968545175980897,0.013771807318224149,0.067748242529143424,0.10671678770512433,-0.39868325740211741,0.31581735340578082,199,0.4252136752136752,36738.5,438.14999999999998,1.8500000000000227,1.8500000000000227
flow03,3,450,468,0.0078043088534142996,-0.037745973824351346,0.00604060903459595,0.055462915890866653,0.093208889715217999,-0.2939528200144042,0.32935645183872092,220,0.47008547008547008,36739.5,451.55000000000001,1.5500000000000114,1.5500000000000114
flow03,3,460,468,0.011470230573050928,-0.038275452841934378,0.012048709377813799,0.061939200423636979,0.10021465326557136,-0.2410383556191906,0.37791266292562281,204,0.4358974358974359,36740.5,458.25,1.75,1.75
flow03,3,470,468,0.0081278128841505565,-0.04183220745349675,0.0094630984893604511,0.058000462870820155,0.099832670324316905,-0.42940169193721872,0.2888909656085959,211,0.45085470085470086,36741.5,471.64999999999998,1.6499999999999773,1.6499999999999773
flow03,3,480,468,0.0085894371414386265,-0.039851362581552002,0.010839763414308101,0.060738048938950774,0.10058941152050277,-0.3299923229970082,0.33637372731211401,213,0.45512820512820512,36742.5,478.35000000000002,1.6499999999999773,1.6499999999999773
flow03,3,490,468,0.0087103853131717673,-0.04646515187478955,0.0041741657898467007,0.05778463072884045,0.10424978260362999,-0.31736132775187909,0.50026117817098625,224,0.47863247863247865,36743.5,491.75,1.75,1.75
flow03,3,500,468,0.012453401435009778,-0.034079111240475329,0.0102688091361752,0.057068223800340198,0.091147335040815528,-0.3908415337899977,0.30909238163379038,209,0.4465811965811966,36744.5,498.4500000000001,1.5499999999998977,1.5499999999998977
flow05,5,0,491,0.5289089847066657,0.30139826189223523,0.4630826709178601,0.69018467060983268,0.38878640871759745,-0.1351995642013411,4.5991278417036687,5,0.010183299389002037,61149,2.6500000000000115,2.6500000000000115,2.6500000000000115
flow05,5,10,491,0.52653466968279228,0.31388334427474451,0.4698930449086316,0.65594724188640652,0.342063897611662,-0.048483370167200598,2.4355056702494764,6,0.012219959266802444,61150,9.3500000000000121,0.64999999999998792,0.64999999999998792
flow05,5,20,491,0.454414514715829,0.2466819055725514,0.405849499781681,0.59133124413572458,0.34464933856317315,-0.24379174246618859,1.89173228220166,4,0.0081466395112016286,61151,22.750000000000007,2.7500000000000071,2.7500000000000071
flow05,5,30,491,0.42092504463510694,0.23470145340079673,0.3578081045456758,0.56286834164814015,0.32816688824734341,-0.13832186605003621,2.6792815646826686,8,0.016293279022403257,61152,29.450000000000014,0.5499999999999865,0.5499999999999865
flow05,5,40,491,0.33649111929465925,0.18569764486139179,0.29105462030364021,0.43441764405657313,0.24871999919518134,-0.3093315157965027,1.301880275023982,16,0.032586558044806514,61153,42.850000000000016,2.8500000000000156,2.8500000000000156
flow05,5,50,491,0.32396058708743181,0.18114747190129915,0.29848990806409548,0.43593039757666846,0.25478292567536931,-0.14289183231781771,1.2700114899855235,14,0.028513238289205704,61154,49.550000000000011,0.44999999999998863,0.44999999999998863
flow05,5,60,491,0.31562953051530435,0.16468668089516192,0.2764455271388907,0.42864789936539649,0.26396121847023457,-0.16742312572254051,1.8965825250135544,14,0.028513238289205704,61155,62.95000000000001,2.9500000000000099,2.9500000000000099
flow05,5,70,491,0.32309219454471255,0.16009445539554462,0.2642107564792594,0.41176630040990969,0.25167184501436507,-0.2306111813888842,5.1139995784510885,15,0.030549898167006109,61156,69.65000000000002,0.3499999999999801,0.3499999999999801
flow05,5,80,491,0.2424483572296178,0.12014526542598325,0.21650382349715641,0.33594928462241969,0.21580401919643644,-0.23421816911912141,1.2526092708612924,26,0.052953156822810592,61157,83.050000000000011,3.0500000000000114,3.0500000000000114
flow05,5,90,491,0.2444582721012655,0.11993672332004905,0.21725968452078179,0.32806522691894152,0.20812850359889246,-0.40177795646535708,1.3715490281213183,26,0.052953156822810592,61158,89.750000000000014,0.24999999999998579,0.24999999999998579
flow05,5,100,491,0.19436057686790745,0.09148024608032565,0.1802029740324034,0.27506543167307429,0.18358518559274864,-0.37506450639901712,0.8640949433240257,36,0.073319755600814662,61159,103.15000000000002,3.1500000000000199,3.1500000000000199
flow05,5,110,491,0.19582245728271047,0.0864249534753362,0.16966764224362399,0.28734959813430749,0.20092464465897131,-0.29334578620849572,0.87378864389217314,29,0.059063136456211814,61160,109.84999999999999,0.15000000000000568,0.15000000000000568
flow05,5,120,491,0.1747652802567064,0.071906941356559548,0.1603177846961327,0.25953438787889493,0.18762744652233537,-0.28948882535522708,1.1629146103955978,46,0.09368635437881874,61161,123.25,3.25,3.25
flow05,5,130,491,0.16655891470928061,0.070277638835526846,0.14678368071961459,0.24909824960362736,0.17882061076810052,-0.54918510342730553,0.72092521131722931,44,0.089613034623217916,61162,129.95000000000002,0.049999999999982947,0.049999999999982947
flow05,5,140,491,0.16115477667293013,0.064290659304132747,0.14332962054760631,0.24331240089885764,0.17902174159472489,-0.28985310814216902,0.66127944979400688,44,0.089613034623217916,61163,136.65000000000001,3.3499999999999943,3.3499999999999943
flow05,5,150,491,0.14435202248738913,0.058116443773572904,0.12778310803743401,0.2205789838847779,0.16246254011120498,-0.18243020444717881,0.75654955277530955,65,0.13238289205702647,61164,150.05000000000001,0.050000000000011369,0.050000000000011369
flow05,5,160,491,0.12312653351280327,0.035574999749042199,0.10649474306068531,0.18995740363577207,0.15438240388672986,-0.27774017100640302,0.74455900602493585,68,0.1384928716904277,61165,156.75000000000003,3.2499999999999716,3.2499999999999716
flow05,5,170,491,0.11710794714221308,0.045158182186580499,0.1089960149267436,0.1843900001041586,0.1392318179175781,-0.22017617850899121,0.59383961219175907,68,0.1384928716904277,61166,170.15000000000001,0.15000000000000568,0.15000000000000568
flow05,5,180,491,0.10020761146681362,0.02193795400889775,0.090241687060106698,0.16353598034652944,0.14159802633763169,-0.19716102312097719,0.67069253580269228,97,0.19755600814663951,61167,176.85000000000002,3.1499999999999773,3.1499999999999773
flow05,5,190,491,0.089458872473258705,0.023209695547983848,0.081828889378074601,0.15464259417132958,0.13143289862334573,-0.2385174614046244,0.43488163534908891,84,0.17107942973523421,61168,190.25000000000003,0.25000000000002842,0.25000000000002842
flow05,5,200,491,0.087217747393175199,0.0095923090562358999,0.070580822174112504,0.1496957047510877,0.14010339569485181,-0.1803444202071775,0.51900179580682648,109,0.2219959266802444,61169,196.94999999999999,3.0500000000000114,3.0500000000000114
flow05,5,210,491,0.084966544283970546,0.0074480696206938998,0.076855868114125495,0.14811658515299436,0.14066851553230048,-0.3681099737097962,0.47862964722647983,109,0.2219959266802444,61170,210.34999999999999,0.34999999999999432,0.34999999999999432
flow05,5,220,491,0.063037800990433393,0.0042452122848156502,0.060131938323927402,0.12680415298995079,0.12255894070513514,-0.5731604358478426,0.4173832410555679,116,0.23625254582484725,61171,217.05000000000001,2.9499999999999886,2.9499999999999886
flow05,5,230,491,0.06463751512462837,0.0012021341230066,0.061705808537100899,0.13692080717939781,0.13571867305639121,-0.52773782595414054,0.4139325275659026,122,0.2484725050916497,61172,230.44999999999999,0.44999999999998863,0.44999999999998863
flow05,5,240,491,0.060979444524277393,-0.00259313843483845,0.057627628606201499,0.116864324639864,0.11945746307470245,-0.26042759727165588,0.53020596399829223,126,0.25661914460285135,61173,237.15000000000001,2.8499999999999943,2.8499999999999943
flow05,5,250,491,0.050933154821991504,-0.021019384559170649,0.046854945832481801,0.11820108923711145,0.13922047379628211,-0.32140505485929249,0.4734630132191881,161,0.32790224032586557,61174,250.55000000000001,0.55000000000001137,0.55000000000001137
flow05,5,260,491,0.055547942058262481,-0.0061943639754759999,0.0505402602099723,0.1105317826792698,0.1167261466547458,-0.2888602157226467,0.6305430333098675,136,0.27698574338085541,61175,257.25,2.75,2.75
flow05,5,270,491,0.048042698264377078,-0.012193002437626499,0.044461755573614002,0.10457074118857584,0.11676374362620234,-0.30349627563767467,0.42926131096850678,151,0.3075356415478615,61176,270.65000000000003,0.65000000000003411,0.65000000000003411
flow05,5,280,491,0.045950093475979302,-0.01390967229314985,0.040038845161903203,0.099838822885135597,0.11374849517828545,-0.28333335069910981,0.37225123397565968,153,0.31160896130346233,61177,277.35000000000002,2.6499999999999773,2.6499999999999773
flow05,5,290,491,0.042722425353422147,-0.01040606297851015,0.040945551584104199,0.090882766039315555,0.10128882901782571,-0.25219388075580551,0.34288943509825498,147,0.29938900203665986,61178,290.75,0.75,0.75
flow05,5,300,491,0.041723736658524212,-0.014867935962324301,0.039069127829151,0.098663077615099098,0.1135310135774234,-0.38389785019062039,0.42649539733885722,160,0.32586558044806518,61179,297.45000000000005,2.5499999999999545,2.5499999999999545
flow05,5,310,491,0.036685130860163083,-0.021384725321541148,0.035720442882051902,0.093509333808575998,0.11489405913011715,-0.31698337125214932,0.65232980015561737,154,0.31364562118126271,61180,310.85000000000002,0.85000000000002274,0.85000000000002274
flow05,5,320,491,0.032797060270948732,-0.025935361123839498,0.034544153688542502,0.090418088855702461,0.11635344997954196,-0.34891062259568961,0.4552884490221325,173,0.35234215885947046,61181,317.55000000000001,2.4499999999999886,2.4499999999999886
flow05,5,330,491,0.029071930207067845,-0.022462253197392,0.0298129220750569,0.082684943716874848,0.10514719691426685,-0.26706568416706961,0.36892713511424402,175,0.35641547861507128,61182,330.95000000000005,0.95000000000004547,0.95000000000004547
flow05,5,340,491,0.028702197141853229,-0.021900327611502249,0.0246176910105473,0.0731714099899895,0.095071737601491749,-0.34497139869925447,0.33133134933727831,176,0.35845213849287166,61183,337.65000000000003,2.3499999999999659,2.3499999999999659
flow05,5,350,491,0.018640585510256942,-0.0342010597612541,0.018156675816872799,0.078463676394313508,0.1126647361555676,-0.2948390849091681,0.43742438950848561,205,0.41751527494908353,61184,351.05000000000001,1.0500000000000114,1.0500000000000114
flow05,5,360,491,0.017303519678264705,-0.041884808974191251,0.016671258394476699,0.074970713415743254,0.1168555223899345,-0.30030038325229141,0.35198796409447303,199,0.40529531568228105,61185,357.75,2.25,2.25
flow05,5,370,491,0.032229711152962075,-0.0237900041418053,0.030332650493421001,0.084585974714587092,0.10837597885639239,-0.38572486566696018,0.33345518240697808,177,0.3604887983706721,61186,371.14999999999998,1.1499999999999773,1.1499999999999773
flow05,5,380,491,0.021512868393373755,-0.029422503074481351,0.0177975580290964,0.078081276828863705,0.10750377990334506,-0.3509488758875538,0.42349419833575641,197,0.40122199592668023,61187,377.85000000000002,2.1499999999999773,2.1499999999999773
flow05,5,390,491,0.012442936509146836,-0.034815074481568502,0.014260202556741699,0.064682207438823497,0.099497281920392006,-0.30709244978487182,0.45550319517226351,209,0.42566191446028512,61188,391.25,1.25,1.25
flow05,5,400,491,0.011934198702801595,-0.038894445213716898,0.0141688228435407,0.069323194033417052,0.10821763924713396,-0.37864720389975137,0.24818144908919751,214,0.43584521384928715,61189,397.9500000000001,2.0499999999998977,2.0499999999998977
flow05,5,410,491,0.012642496588448638,-0.042629398371107394,0.013304937895366801,0.063985401228825206,0.1066147995999326,-0.64880747482315737,0.34577526723052432,210,0.42769857433808556,61190,411.35000000000002,1.3500000000000227,1.3500000000000227
flow05,5,420,491,0.01706826392577529,-0.029024828872997052,0.0186045855580643,0.061993179891389152,0.091018008764386205,-0.27751908190546831,0.4617073533916648,191,0.38900203665987781,61191,418.05000000000001,1.9499999999999886,1.9499999999999886
flow05,5,430,491,0.010390149342363606,-0.0334661286849759,0.0132727564016678,0.063215248520352763,0.096681377205328656,-0.55961059933993107,0.42648870773543041,208,0.42362525458248473,61192,431.4500000000001,1.4500000000001023,1.4500000000001023
flow05,5,440,491,0.012146429209360895,-0.043053811094463601,0.010574462666023601,0.064885864606159638,0.10793967570062324,-0.31021391522212388,0.29866120576815308,217,0.44195519348268841,61193,438.14999999999998,1.8500000000000227,1.8500000000000227
flow05,5,450,491,0.014000668384843156,-0.039371900419880104,0.0116996153401579,0.067050218034069853,0.10642211845394996,-0.45561522464797249,0.38189398269014441,214,0.43584521384928715,61194,451.55000000000001,1.5500000000000114,1.5500000000000114
flow05,5,460,491,0.0083088002409682313,-0.040769876798518602,0.012970362582128201,0.062694199688123953,0.10346407648664255,-0.3977527869893725,0.3989774961289117,215,0.43788187372708759,61195,458.25,1.75,1.75
flow05,5,470,491,0.012066219915633532,-0.031858791782665846,0.012111682086370999,0.066543099269225053,0.0984018910518909,-0.3181372210205205,0.36415345475062588,214,0.43584521384928715,61196,471.64999999999998,1.6499999999999773,1.6499999999999773
flow05,5,480,491,0.0063224245235216489,-0.0481565862931813,0.0070305340448681003,0.058700338332638248,0.10685692462581955,-0.2405116231393144,0.27295471067539051,228,0.46435845213849286,61197,478.35000000000002,1.6499999999999773,1.6499999999999773
flow05,5,490,491,0.0040887996732469883,-0.050357490378850595,0.0056217362358697001,0.052917912883273702,0.1032754032621243,-0.31757521464708183,0.27435177488767759,228,0.46435845213849286,61198,491.75,1.75,1.75
flow05,5,500,491,0.0065664946433081021,-0.041358895509298603,0.0063650891241879004,0.057029441282770751,0.098388336792069347,-0.35360938139970699,0.3210282237350689,232,0.47250509164969451,61199,498.4500000000001,1.5499999999998977,1.5499999999998977
flow07,7,0,493,0.7503710942431624,0.41835328157439361,0.62898498509800316,0.93100771396964677,0.5126544323952531,-0.22947570663666109,5.801454913133866,1,0.0020283975659229209,86241,2.6500000000000115,2.6500000000000115,2.6500000000000115
flow07,7,10,493,0.64018799261656878,0.35184228112130311,0.55647865374590322,0.79484617358784193,0.44300389246653882,-0.0945204339987053,3.2940263795672062,3,0.0060851926977687626,86242,9.3500000000000121,0.64999999999998792,0.64999999999998792
flow07,7,20,493,0.56642012094052718,0.31393349096187179,0.4823889595869319,0.73965934788093635,0.42572585691906456,-0.0855295930211286,4.5688756264934796,3,0.0060851926977687626,86243,22.750000000000007,2.7500000000000071,2.7500000000000071
flow07,7,30,493,0.5297969312780163,0.27945794587374773,0.48879445957601958,0.68528958584218835,0.40583163996844063,-0.13805372907454991,2.7046593818625206,6,0.012170385395537525,86244,29.450000000000014,0.5499999999999865,0.5499999999999865
flow07,7,40,493,0.49091811053711615,0.24329507479486001,0.40612346625487938,0.63078379009034014,0.38748871529548012,-0.1664194156095182,2.9274381383670383,14,0.028397565922920892,86245,42.850000000000016,2.8500000000000156,2.8500000000000156
flow07,7,50,493,0.46491866718565283,0.22476881270840829,0.3920833810418326,0.63498611929441728,0.41021730658600897,-0.16664386024788791,3.5604702375977757,16,0.032454361054766734,86246,49.550000000000011,0.44999999999998863,0.44999999999998863
flow07,7,60,493,0.39987404389908882,0.1910650710854549,0.3394606676569023,0.53746409724676725,0.34639902616131235,-0.13536935348497309,4.2099482674012059,24,0.048681541582150101,86247,62.95000000000001,2.9500000000000099,2.9500000000000099
flow07,7,70,493,0.39776254872305511,0.19060653887682211,0.31375171336799151,0.50438975080029425,0.31378321192347214,-0.16172853150991701,3.4799528274489382,16,0.032454361054766734,86248,69.65000000000002,0.3499999999999801,0.3499999999999801
flow07,7,80,493,0.31482431923515136,0.1487680063015733,0.27388939628062509,0.4378832861688613,0.28911527986728802,-0.223524255471583,1.377020909829954,32,0.064908722109533468,86249,83.050000000000011,3.0500000000000114,3.0500000000000114
flow07,7,90,493,0.31379997312103142,0.1638660129324235,0.2789671362079143,0.42886200079024561,0.26499598785782208,-0.22557827932286931,1.336315707457137,22,0.044624746450304259,86250,89.750000000000014,0.24999999999998579,0.24999999999998579
flow07,7,100,493,0.26519489880269886,0.1126876282791278,0.24419725420927851,0.38435621548514609,0.27166858720601827,-0.41476885181276768,1.4324335231789558,41,0.083164300202839755,86251,103.15000000000002,3.1500000000000199,3.1500000000000199
flow07,7,110,493,0.26684827492025986,0.1189514819122989,0.22681041432526111,0.36813848376196251,0.24918700184966361,-0.23552405344955529,2.0009806092671854,35,0.07099391480730223,86252,109.84999999999999,0.15000000000000568,0.15000000000000568
flow07,7,120,493,0.21688178758086318,0.084191095632236201,0.1910973999590041,0.3169797675367777,0.2327886719045415,-0.40884934121461952,1.343362237194166,45,0.091277890466531439,86253,123.25,3.25,3.25
flow07,7,130,493,0.20523888215746228,0.082395621246732706,0.17704935755464829,0.30249708002320819,0.22010145877647547,-0.26181274362601642,1.1600519771176414,49,0.099391480730223122,86254,129.95000000000002,0.049999999999982947,0.049999999999982947
flow07,7,140,493,0.20545556750663235,0.079054776785957598,0.17442546140557699,0.30644795521906321,0.22739317843310561,-0.2740462519726925,1.0762653781208693,65,0.13184584178498987,86255,136.65000000000001,3.3499999999999943,3.3499999999999943
flow07,7,150,493,0.18087456257160958,0.077167413477877006,0.1574044371864948,0.2779854744124966,0.2008180609346196,-0.35467723085216052,1.1060053592311287,53,0.10750507099391481,86256,150.05000000000001,0.050000000000011369,0.050000000000011369
flow07,7,160,493,0.17799950168450038,0.058648036219314199,0.15271777031463241,0.26844111466328069,0.2097930784439665,-0.33023841797612291,1.1750402677585496,73,0.14807302231237324,86257,156.75000000000003,3.2499999999999716,3.2499999999999716
flow07,7,170,493,0.16638364913491496,0.052487483015121898,0.1505280132357566,0.2575350169152929,0.205047533900171,-0.66692785525366882,1.0074091433549115,69,0.13995943204868155,86258,170.15000000000001,0.15000000000000568,0.15000000000000568
flow07,7,180,493,0.12498569295628327,0.019955177311398301,0.11666024713981191,0.2129747259819422,0.19301954867054388,-0.43031323117354298,0.66308472275132735,101,0.20486815415821502,86259,176.85000000000002,3.1499999999999773,3.1499999999999773
flow07,7,190,493,0.12234773960378578,0.027573537646765699,0.11417389827710379,0.21164836241830201,0.18407482477153631,-0.40117626171761223,0.73205729720220702,93,0.18864097363083165,86260,190.25000000000003,0.25000000000002842,0.25000000000002842
flow07,7,200,493,0.12392938770556421,0.027723009422887399,0.1021608461379318,0.2033130606192243,0.17559005119633692,-0.46272831599341879,1.1111760784427778,97,0.19675456389452334,86261,196.94999999999999,3.0500000000000114,3.0500000000000114
flow07,7,210,493,0.10723413059664996,0.010083435751549101,0.094671625743365601,0.19697786068546189,0.18689442493391278,-0.27078014276726009,0.58684222572287881,108,0.21906693711967545,86262,210.34999999999999,0.34999999999999432,0.34999999999999432
flow07,7,220,493,0.093259777049526565,-0.00050854789495599997,0.084286039617186406,0.18038300082502701,0.180891548719983,-0.53017773022225045,0.68361556756556785,126,0.25557809330628806,86263,217.05000000000001,2.9499999999999886,2.9499999999999886
flow07,7,230,493,0.090031692765725604,0.0041728571429929997,0.093717289901457806,0.17472030712242911,0.17054744997943611,-0.62665271488985241,0.58762624099780814,118,0.23935091277890466,86264,230.44999999999999,0.44999999999998863,0.44999999999998863
flow07,7,240,493,0.088236519437112609,0.0083308648109579001,0.081606176598834096,0.1702027418949888,0.16187187708403089,-0.48101984697165517,0.58763279661893486,112,0.22718052738336714,86265,237.15000000000001,2.8499999999999943,2.8499999999999943
flow07,7,250,493,0.068629414873499037,-0.0133468892893349,0.065970141605393495,0.14299755715204421,0.1563444464413791,-0.30352931583295828,0.68164959754556975,145,0.29411764705882354,86266,250.55000000000001,0.55000000000001137,0.55000000000001137
flow07,7,260,493,0.063061967422465143,-0.015268252937036699,0.062626985417084405,0.1414785522800461,0.15674680521708281,-0.46380103668421119,0.83743621273319413,146,0.29614604462474647,86267,257.25,2.75,2.75
flow07,7,270,493,0.071561478645546794,-0.013124903314014899,0.065795122787506405,0.146746623347356,0.15987152666137089,-0.27121176962686472,0.57307634042668376,143,0.29006085192697767,86268,270.65000000000003,0.65000000000003411,0.65000000000003411
flow07,7,280,493,0.060688711969424748,-0.016575530020729399,0.043409451151604501,0.1383876108512303,0.1549631408719597,-0.52777392856005256,0.50292478689562348,163,0.33062880324543609,86269,277.35000000000002,2.6499999999999773,2.6499999999999773
flow07,7,290,493,0.059650710241101558,-0.016406204225206601,0.056935063521530702,0.13471533232278859,0.15112153654799521,-0.74072804046825436,0.59188629444859553,156,0.31643002028397565,86270,290.75,0.75,0.75
flow07,7,300,493,0.049404806740926455,-0.0259985337384105,0.040829545049777899,0.1171077830658577,0.14310631680426819,-0.2906583624016098,0.51154170532597898,166,0.33671399594320489,86271,297.45000000000005,2.5499999999999545,2.5499999999999545
flow07,7,310,493,0.043428928860498574,-0.030206898868511502,0.043736972392069098,0.11901477383227051,0.14922167270078202,-0.58739063985820961,0.49237824669592323,168,0.34077079107505071,86272,310.85000000000002,0.85000000000002274,0.85000000000002274
flow07,7,320,493,0.036334660876328431,-0.0509228041882153,0.030217664971128499,0.1126483433055341,0.1635711474937494,-0.4468292860173721,0.52299593907609865,199,0.40365111561866124,86273,317.55000000000001,2.4499999999999886,2.4499999999999886
flow07,7,330,493,0.038872208874216663,-0.034974013194424301,0.040142183527664702,0.1157313765247904,0.15070538971921471,-0.67235966192984087,0.46747368883040352,166,0.33671399594320489,86274,330.95000000000005,0.95000000000004547,0.95000000000004547
flow07,7,340,493,0.045761653202842194,-0.0211238143406829,0.047032324907812,0.1104409699286099,0.1315647842692928,-0.77824769523206416,0.45103206362103709,162,0.32860040567951321,86275,337.65000000000003,2.3499999999999659,2.3499999999999659
flow07,7,350,493,0.034534436721805478,-0.033649335054577401,0.036664755431107997,0.1060073478607939,0.13965668291537131,-0.40504229330748998,0.41295481378895738,175,0.35496957403651114,86276,351.05000000000001,1.0500000000000114,1.0500000000000114
flow07,7,360,493,0.029207864961035068,-0.029890725175244302,0.028036071909333701,0.097568409462474401,0.12745913463771871,-0.44719455555279147,0.45913989698030477,189,0.38336713995943206,86277,357.75,2.25,2.25
flow07,7,370,493,0.028828669021999379,-0.035039835326739599,0.031031525296983501,0.091523598192029307,0.12656343351876892,-0.48980923994428049,0.4925191943224923,192,0.38945233265720081,86278,371.14999999999998,1.1499999999999773,1.1499999999999773
flow07,7,380,493,0.022650952481697417,-0.041673759383571603,0.018142032478515299,0.088979738377454598,0.13065349776102619,-0.52288242198478585,0.72644926521873987,210,0.42596348884381341,86279,377.85000000000002,2.1499999999999773,2.1499999999999773
flow07,7,390,493,0.019993522570307763,-0.043761278371841898,0.027475706013159101,0.085139519965357402,0.12890079833719931,-0.42273275682385431,0.41426035601324229,196,0.39756592292089249,86280,391.25,1.25,1.25
flow07,7,400,493,0.017255077659006624,-0.0514755800433832,0.020413866405085801,0.087113374334864602,0.13858895437824781,-0.48059193569652903,0.53607561540359983,208,0.42190669371196754,86281,397.9500000000001,2.0499999999998977,2.0499999999998977
flow07,7,410,493,0.027402467939816894,-0.047742377471324503,0.020036563135648298,0.095077087775279095,0.14281946524660361,-0.27218580990248759,0.54314026676730687,207,0.41987829614604461,86282,411.35000000000002,1.3500000000000227,1.3500000000000227
flow07,7,420,493,0.01531311635003106,-0.062091595464287899,0.0188934335265699,0.078744911698652095,0.14083650716293999,-0.43627724013597141,0.37892139090960869,219,0.44421906693711966,86283,418.05000000000001,1.9499999999999886,1.9499999999999886
flow07,7,430,493,0.023703385692589816,-0.051641334739267998,0.0248726232643669,0.094123736236774003,0.14576507097604199,-0.41657089620111082,0.56162554272538356,202,0.40973630831643004,86284,431.4500000000001,1.4500000000001023,1.4500000000001023
flow07,7,440,493,0.019628041329786634,-0.047919181916958001,0.018947531507780099,0.089880704571909706,0.13779988648886771,-0.55458266497304953,0.51590097404623037,214,0.43407707910750509,86285,438.14999999999998,1.8500000000000227,1.8500000000000227
flow07,7,450,493,0.0055291149809453075,-0.059961520389278898,0.0083129264357263005,0.083013418782136,0.14297493917141491,-0.46216754068606197,0.37965486289686162,224,0.45436105476673427,86286,451.55000000000001,1.5500000000000114,1.5500000000000114
flow07,7,460,493,0.016058607744491502,-0.045835880583007201,0.0166849037742192,0.084318492467698902,0.1301543730507061,-0.38285169982184092,0.33396802922274038,212,0.43002028397565922,86287,458.25,1.75,1.75
flow07,7,470,493,0.011629874521519933,-0.053887866025918697,0.0134882897555515,0.077408095480206204,0.13129596150612491,-0.42423989662930772,0.3925775716798075,225,0.45638945233265721,86288,471.64999999999998,1.6499999999999773,1.6499999999999773
flow07,7,480,493,0.0153350363357312,-0.052951260611776602,0.013860971756528199,0.084507809616551299,0.1374590702283279,-0.39511188378465811,0.4768273297792156,216,0.43813387423935091,86289,478.35000000000002,1.6499999999999773,1.6499999999999773
flow07,7,490,493,0.0081752277497424038,-0.0584675528063641,0.0111409162029724,0.071254144200462805,0.1297216970068269,-0.35669294867019741,0.32395641575825501,221,0.44827586206896552,86290,491.75,1.75,1.75
flow07,7,500,493,0.0096480367885717587,-0.056071194521058,0.013033857668015099,0.083577989637536695,0.1396491841585947,-0.37597059179030512,0.32713672233916108,221,0.44827586206896552,86291,498.4500000000001,1.5499999999998977,1.5499999999998977
flow10,10,0,484,0.54143729459048973,0.33046976982466308,0.48522587154695729,0.71442421827651037,0.38395444845184729,-0.1153469347386676,2.3431525037875431,5,0.010330578512396695,111154.5,2.6500000000000115,2.6500000000000115,2.6500000000000115
flow10,10,10,484,0.5100736760365342,0.3049090068068579,0.44440641694679162,0.65269402621923256,0.34778501941237466,-0.56080870339202515,3.282300537152183,6,0.012396694214876033,111155.5,9.3500000000000121,0.64999999999998792,0.64999999999998792
flow10,10,20,484,0.46558978821140246,0.27431282716947059,0.40789167136907128,0.59818643804874949,0.32387361087927891,-0.1850931510337144,1.7117732538864965,5,0.010330578512396695,111156.5,22.750000000000007,2.7500000000000071,2.7500000000000071
flow10,10,30,484,0.41296901296166022,0.24506714434038995,0.36677074371206975,0.5403401930411541,0.29527304870076415,-0.28576875625355319,1.6779929579012969,5,0.010330578512396695,111157.5,29.450000000000014,0.5499999999999865,0.5499999999999865
flow10,10,40,484,0.34821604228244729,0.19498683953573853,0.30873438336016884,0.45908912041208816,0.26410228087634963,-0.20575200418144179,1.3669996878637882,8,0.016528925619834711,111158.5,42.850000000000016,2.8500000000000156,2.8500000000000156
flow10,10,50,484,0.31897273885229438,0.19090879981084544,0.2856122817148552,0.41571779127862335,0.22480899146777791,-0.33917835844764099,1.3933432107362662,9,0.01859504132231405,111159.5,49.550000000000011,0.44999999999998863,0.44999999999998863
flow10,10,60,484,0.33769110538341068,0.19186513410655925,0.29581175674465615,0.43644403246593511,0.24457889835937585,-0.069563216004609296,2.035663747100783,9,0.01859504132231405,111160.5,62.95000000000001,2.9500000000000099,2.9500000000000099
flow10,10,70,484,0.30632118984446027,0.16767822819941366,0.27038316074499946,0.40158842200171169,0.23391019380229802,-0.35212945612102747,2.917954830182877,9,0.01859504132231405,111161.5,69.65000000000002,0.3499999999999801,0.3499999999999801
flow10,10,80,484,0.24680906230031904,0.11483316727561282,0.21507567117593801,0.3423299628184992,0.22749679554288638,-0.2214703633316048,1.3884301890123167,20,0.041322314049586778,111162.5,83.050000000000011,3.0500000000000114,3.0500000000000114
flow10,10,90,484,0.25138912764784777,0.11760084706274659,0.23683312853262045,0.34656180342434528,0.22896095636159869,-0.2206288942177119,1.0191573591314691,23,0.047520661157024795,111163.5,89.750000000000014,0.24999999999998579,0.24999999999998579
flow10,10,100,484,0.19072066514874328,0.083698182728485171,0.17996269846929175,0.28493464091710918,0.20123645818862401,-0.27707526280678652,0.92482280126454519,38,0.078512396694214878,111164.5,103.15000000000002,3.1500000000000199,3.1500000000000199
flow10,10,110,484,0.18928385822255836,0.084765098292230404,0.17286655957311101,0.25940838504235531,0.17464328675012492,-0.44602680664335342,1.1990269294888056,35,0.072314049586776855,111165.5,109.84999999999999,0.15000000000000568,0.15000000000000568
flow10,10,120,484,0.17186889188566823,0.076036733364992351,0.14984842996809283,0.2508321841850723,0.17479545082007997,-0.1574759571839407,0.72722560264190461,31,0.064049586776859499,111166.5,123.25,3.25,3.25
flow10,10,130,484,0.16380352608078602,0.062881151290366699,0.14507502259643085,0.25770736158499741,0.19482621029463071,-0.22559673230147151,0.70059665716719943,48,0.099173553719008267,111167.5,129.95000000000002,0.049999999999982947,0.049999999999982947
flow10,10,140,484,0.15320457993848577,0.059180395655199398,0.1324546630407159,0.21825591646003578,0.15907552080483639,-0.18768017901424161,0.87062404933740278,48,0.099173553719008267,111168.5,136.65000000000001,3.3499999999999943,3.3499999999999943
flow10,10,150,484,0.15355989480033827,0.06021269226727155,0.1411710183294618,0.22833366023276663,0.16812096796549508,-0.16820356885051249,0.93442864330747155,42,0.086776859504132234,111169.5,150.05000000000001,0.050000000000011369,0.050000000000011369
flow10,10,160,484,0.1348451301706107,0.051931996829531452,0.11878289291068245,0.19951115489318585,0.1475791580636544,-0.28095725311134651,0.69021757237310388,54,0.1115702479338843,111170.5,156.75000000000003,3.2499999999999716,3.2499999999999716
flow10,10,170,484,0.11111150006272545,0.033429718235862271,0.10295344815277575,0.17163312084023394,0.13820340260437167,-0.28267534957358431,0.68002410791210177,72,0.1487603305785124,111171.5,170.15000000000001,0.15000000000000568,0.15000000000000568
flow10,10,180,484,0.10808836817305711,0.034137894088313629,0.10097301550574965,0.17692870150056922,0.14279080741225558,-0.2093030641693242,0.4456236899407251,81,0.16735537190082644,111172.5,176.85000000000002,3.1499999999999773,3.1499999999999773
flow10,10,190,484,0.091405864734242767,0.021713055795655502,0.08261075092072459,0.16383571289908588,0.14212265710343039,-0.419259416912862,0.43655742112210671,89,0.18388429752066116,111173.5,190.25000000000003,0.25000000000002842,0.25000000000002842
flow10,10,200,484,0.095741798510112081,0.024281927162525578,0.095024020374759849,0.15820528115728111,0.13392335399475552,-0.24263165032565739,0.4901320917179009,84,0.17355371900826447,111174.5,196.94999999999999,3.0500000000000114,3.0500000000000114
flow10,10,210,484,0.088551403201667961,0.016460682258734774,0.081711114284668152,0.14898671689640508,0.13252603463767032,-0.2583897153016913,0.61750169150467005,93,0.19214876033057851,111175.5,210.34999999999999,0.34999999999999432,0.34999999999999432
flow10,10,220,484,0.081264303531859497,0.019356677831971598,0.076148638900987053,0.14439551452346971,0.12503883669149812,-0.29292242120121881,0.40994543115560278,94,0.19421487603305784,111176.5,217.05000000000001,2.9499999999999886,2.9499999999999886
flow10,10,230,484,0.06656223070880414,0.0067419064104062999,0.060846733636226301,0.12864478289703218,0.12190287648662589,-0.3656108452434006,0.45515880451924728,105,0.21694214876033058,111177.5,230.44999999999999,0.44999999999998863,0.44999999999998863
flow10,10,240,484,0.062964455796408345,0.00026482322176433538,0.059527090699190405,0.11954369502643997,0.11927887180467563,-0.26794984747472639,0.48743136113982982,121,0.25,111178.5,237.15000000000001,2.8499999999999943,2.8499999999999943
flow10,10,250,484,0.059389800084299761,-0.001321716354756625,0.059207836917899451,0.12544376412097941,0.12676548047573602,-0.27591958490159751,0.4031739864562412,122,0.25206611570247933,111179.5,250.55000000000001,0.55000000000001137,0.55000000000001137
flow10,10,260,484,0.054688892207414214,-0.0048590349078120754,0.054404691890637596,0.11370451852903274,0.11856355343684481,-0.225965792536166,0.36451158027075631,126,0.26033057851239672,111180.5,257.25,2.75,2.75
flow10,10,270,484,0.045394626992563657,-0.0146588999929037,0.038017136427795556,0.10171234604127555,0.11637124603417925,-0.23885164574616061,0.41949375197448341,149,0.30785123966942146,111181.5,270.65000000000003,0.65000000000003411,0.65000000000003411
flow10,10,280,484,0.048462144876888796,-0.0107380738102941,0.049969966590191699,0.10308658721205567,0.11382466102234977,-0.2814991350918406,0.39337870454427271,139,0.28719008264462809,111182.5,277.35000000000002,2.6499999999999773,2.6499999999999773
flow10,10,290,484,0.046234145354421947,-0.012526835802574274,0.040705971356342401,0.098400565930941777,0.11092740173351605,-0.2708009214894303,0.30708965175769309,144,0.2975206611570248,111183.5,290.75,0.75,0.75
flow10,10,300,484,0.048519736395211913,-0.010625856725782449,0.040176474553684755,0.099887390011520652,0.1105132467373031,-0.2305859077527132,0.46238466843349563,145,0.29958677685950413,111184.5,297.45000000000005,2.5499999999999545,2.5499999999999545
flow10,10,310,484,0.032791636883442624,-0.021609108723371323,0.027465437146135599,0.08823525791551648,0.1098443666388878,-0.25445458610003791,0.38234720861977062,165,0.34090909090909088,111185.5,310.85000000000002,0.85000000000002274,0.85000000000002274
flow10,10,320,484,0.036728581496790529,-0.016421651413632152,0.034170313020339051,0.085369355059306026,0.10179100647293818,-0.29400618434306502,0.3723330210243132,143,0.29545454545454547,111186.5,317.55000000000001,2.4499999999999886,2.4499999999999886
flow10,10,330,484,0.033408744568135425,-0.018656277170851027,0.027174470717539749,0.089239306115761002,0.10789558328661203,-0.392011037408593,0.42883458150840809,166,0.34297520661157027,111187.5,330.95000000000005,0.95000000000004547,0.95000000000004547
flow10,10,340,484,0.026542178390310023,-0.024850691216121174,0.0286828384771853,0.074551703984042955,0.099402395200164126,-0.33567198817559257,0.29634764184948881,177,0.36570247933884298,111188.5,337.65000000000003,2.3499999999999659,2.3499999999999659
flow10,10,350,484,0.018916706369400266,-0.028321483605660072,0.02123198291982125,0.068963385728699478,0.09728486933435955,-0.26931148515805847,0.44458000233995842,193,0.3987603305785124,111189.5,351.05000000000001,1.0500000000000114,1.0500000000000114
flow10,10,360,484,0.025587030581646016,-0.030069550901832224,0.025773104463807799,0.079142806030548074,0.10921235693238029,-0.27694668989173987,0.49198014876589491,181,0.37396694214876031,111190.5,357.75,2.25,2.25
flow10,10,370,484,0.02267365525072821,-0.02890206969466675,0.020794726611298102,0.073631285767248533,0.10253335546191528,-0.39415954239415912,0.28320993380813481,176,0.36363636363636365,111191.5,371.14999999999998,1.1499999999999773,1.1499999999999773
flow10,10,380,484,0.021784966490347057,-0.032989212899492124,0.01628698777351785,0.071181035486097249,0.10417024838558937,-0.20106786795499801,0.32767324357002392,194,0.40082644628099173,111192.5,377.85000000000002,2.1499999999999773,2.1499999999999773
flow10,10,390,484,0.023126728049337391,-0.027936962249348902,0.020995411559255751,0.072130346074973609,0.10006730832432251,-0.35619138092448582,0.66181350576015918,180,0.37190082644628097,111193.5,391.25,1.25,1.25
flow10,10,400,484,0.016074316987800472,-0.032809221848960846,0.0146084357712714,0.067818841876137598,0.10062806372509844,-0.4476788942941014,0.33584872877417771,199,0.41115702479338845,111194.5,397.9500000000001,2.0499999999998977,2.0499999999998977
flow10,10,410,484,0.01984770648431667,-0.033603373539304898,0.017229495605537298,0.07234861965374402,0.10595199319304892,-0.36571141755274739,0.30750478470739639,191,0.39462809917355374,111195.5,411.35000000000002,1.3500000000000227,1.3500000000000227
flow10,10,420,484,0.0069288998554426695,-0.042336712456411629,0.0105216291340037,0.060145756175699755,0.10248246863211138,-0.48916382196325853,0.2161736791337098,218,0.45041322314049587,111196.5,418.05000000000001,1.9499999999999886,1.9499999999999886
flow10,10,430,484,0.01477641404769974,-0.036232494199799001,0.01376798534195575,0.068324766143182128,0.10455726034298113,-0.36104992790111451,0.33238779064456592,206,0.42561983471074383,111197.5,431.4500000000001,1.4500000000001023,1.4500000000001023
flow10,10,440,484,0.012848250991530223,-0.038673643684559049,0.02073581432645925,0.066945933392744045,0.1056195770773031,-0.43612579188373052,0.22525044170535011,199,0.41115702479338845,111198.5,438.14999999999998,1.8500000000000227,1.8500000000000227
flow10,10,450,484,0.010406266494104798,-0.038339895230191975,0.013192004717236552,0.059363536216274354,0.097703431446466329,-0.30573124969827131,0.31765888712710649,199,0.41115702479338845,111199.5,451.55000000000001,1.5500000000000114,1.5500000000000114
flow10,10,460,484,0.012522262069237875,-0.040149390813952225,0.0147242909188699,0.067923382586031825,0.10807277339998406,-0.36154655624293308,0.2941108700717972,215,0.44421487603305787,111200.5,458.25,1.75,1.75
flow10,10,470,484,0.016373912276762988,-0.032787202216501853,0.01446538353478965,0.061972531689530277,0.094759733906032123,-0.2763068622384815,0.40673346420971229,196,0.4049586776859504,111201.5,471.64999999999998,1.6499999999999773,1.6499999999999773
flow10,10,480,484,0.010792563364594469,-0.042564700642660477,0.0138464474142957,0.060608934757667578,0.10317363540032806,-0.23456642425515001,0.35299861784847492,208,0.42975206611570249,111202.5,478.35000000000002,1.6499999999999773,1.6499999999999773
flow10,10,490,484,0.013258538758729368,-0.035957765629752024,0.013769680176726251,0.05682156995477268,0.092779335584524697,-0.304903914255504,0.25561552946345911,199,0.41115702479338845,111203.5,491.75,1.75,1.75
flow10,10,500,484,0.0078180548094070618,-0.039165862406275023,0.012236003379722249,0.052079734976727146,0.091245597383002169,-0.2695768430395778,0.32241080725496257,207,0.42768595041322316,111204.5,498.4500000000001,1.5499999999998977,1.5499999999998977
