scan_id,frame_index_0based,flow_speed_mm_s,localization_source,baseline_valid,variant_valid,variant_invalid_reason,q_vessel_base,q_vessel_plus2,q_vessel_delta,q_vessel_delta_pct,q_tail_base,q_tail_plus2,q_tail_delta,q_tail_delta_pct,ratio_base,ratio_plus2,ratio_delta,ratio_delta_pct
flow05,270,5,direct_candidate_supported,True,True,,599509031971.4851,660888319620.5288,61379287649.0437,10.238259037932748,198595535957.37372,341471794736.3605,142876258778.98676,71.94333854999316,0.3312636263448649,0.5166860793249122,0.18542245298004728,55.97428701303041
flow07,279,7,direct_candidate_supported,True,True,,773669633293.3918,829830691800.5541,56161058507.16223,7.259049094132504,166691608006.71948,256530681737.2207,89839073730.50122,53.895378900466135,0.21545579771192402,0.3091361699102793,0.09368037219835529,43.4800888132103
flow03,413,3,short_gap_assisted,True,True,,1109040126605.56,1008038119359.5247,-101002007246.0354,-9.107155352004469,472359398210.49225,705227170344.919,232867772134.4267,49.298854435125776,0.4259173197422919,0.6996036725208347,0.27368635277854275,64.25809425738804
flow07,447,7,short_gap_assisted,True,True,,1437578080261.5017,1440865651736.0447,3287571474.5429688,0.22868820272669607,860550014491.9109,1244016534118.0225,383466519626.1116,44.56063135999356,0.5986109737673331,0.8633813517722169,0.2647703780048838,44.23079255272627
flow01,274,1,direct_candidate_supported,True,True,,705421024238.4989,728999011478.2283,23577987239.72937,3.342399280653958,158380973395.30862,220832314147.05814,62451340751.74951,39.4310878465654,0.22451978032024306,0.3029253958784735,0.07840561555823045,34.921473487278874
flow03,60,3,direct_candidate_supported,True,True,,1274217029360.8416,1295601222766.0312,21384193405.189697,1.6782222268616356,494538630026.48676,680867495631.751,186328865605.26422,37.67731260857918,0.3881117726660361,0.5255224243908473,0.1374106517248112,35.404917191999445
flow07,49,7,direct_candidate_supported,True,True,,1834638743323.2395,1873180712985.9958,38541969662.75635,2.100793401590438,990764586338.44,1297483885473.2737,306719299134.83374,30.957838356775913,0.5400325213582825,0.6926634875526683,0.15263096619438576,28.263291590382448
flow07,417,7,direct_candidate_supported,True,True,,954238386148.2833,987679085666.8322,33440699518.54883,3.5044387234860546,938272141425.7628,1223033199092.8484,284761057667.0856,30.349516424347147,0.983268075405175,1.2382900649021202,0.2550219894969452,25.936160837100132
flow07,276,7,direct_candidate_supported,True,True,,550223008952.4695,566478691032.4828,16255682080.013306,2.9543806448518657,129774012142.90648,168692872809.0738,38918860666.16731,29.98971829838324,0.23585711617181188,0.2977920890574164,0.06193497288560451,26.259531147869847
flow07,398,7,direct_candidate_supported,True,True,,2436196654752.4307,2450173128360.4404,13976473608.009766,0.5737005500251815,1031267037178.7805,1333931217783.7126,302664180604.9321,29.34876900874533,0.42331025911517767,0.5444232500730783,0.12111299095790068,28.61092741079712
flow01,275,1,direct_candidate_supported,True,True,,1198157099812.2795,1191694749988.8552,-6462349823.424316,-0.5393574702713693,299235867049.43225,384852601980.5836,85616734931.15137,28.611789012915324,0.24974677118410835,0.32294562175773855,0.07319885057363021,29.30922799385041
flow05,257,5,direct_candidate_supported,True,True,,1994244540529.6677,2074838179080.2126,80593638550.54492,4.041311730463075,890850725668.5829,1144469819541.4646,253619093872.8817,28.469314394119255,0.4467108760051937,0.5515947369200689,0.10488386091487517,23.47913752466052
flow03,415,3,short_gap_assisted,True,True,,1308939640665.7322,1364637647047.1494,55698006381.41724,4.2552005188787,896758433125.648,1144337191192.8955,247578758067.24756,27.608188439813475,0.6851029682847353,0.8385648700730574,0.15346190178832209,22.399830228810494
flow05,39,5,direct_candidate_supported,True,True,,1583806118896.696,1657396176881.5054,73590057984.80933,4.646405712592732,685383345289.4094,874428613596.5142,189045268307.10474,27.582413492594952,0.4327444736524052,0.5275917887308068,0.0948473150784016,21.91762595553933
flow10,87,10,short_gap_assisted,True,True,,1503835753134.497,1582133741366.7107,78297988232.21362,5.206551850427442,1083570353812.5529,1367106595962.3054,283536242149.75256,26.166851201874206,0.7205376993824156,0.8640904117128201,0.14355271233040445,19.922998123962948
flow07,275,7,direct_candidate_supported,True,True,,612735356319.183,635698531793.6783,22963175474.49536,3.747649819399927,416407545393.8423,307809628735.081,-108597916658.76129,-26.079718741899438,0.6795879185025018,0.48420692095444917,-0.1953809975480526,-28.74992215555894
flow01,213,1,direct_candidate_supported,True,True,,1367604834212.4922,1378740189261.7266,11135355049.234375,0.8142231418512385,680610418530.9742,857542030982.5934,176931612451.61914,25.99601881403863,0.49766599349796103,0.6219750738112458,0.1243090803132848,24.97841563164675
flow03,281,3,short_gap_assisted,True,True,,495289857498.3633,480883781454.2918,-14406076044.071472,-2.908615192896228,236353128347.2059,175350675383.94,-61002452963.2659,-25.80987752937735,0.47720163207256255,0.36464252309288403,-0.11255910897967852,-23.58732691060096
flow07,40,7,short_gap_assisted,True,True,,1727796060415.3845,1883381887951.5774,155585827536.19287,9.004872224259385,953877767658.2994,1198966704654.2742,245088936995.97473,25.693956322899762,0.5520777535683088,0.6366030767972959,0.08452532322898709,15.310401964698752
flow05,381,5,short_gap_assisted,True,True,,2538893314400.419,2577765501091.441,38872186691.02197,1.5310681417979144,1069959969016.4625,1344643759453.6929,274683790437.23035,25.6723427409838,0.42142769959955667,0.5216315288897935,0.1002038292902368,23.777229020648413
flow05,415,5,direct_candidate_supported,True,True,,1875934766181.1113,1887790962376.5945,11856196195.483154,0.6320153775719567,500689480833.1653,628821624809.2518,128132143976.08655,25.591139594718477,0.2669013282654981,0.3330991817110991,0.06619785344560097,24.802369428357114
flow07,42,7,direct_candidate_supported,True,True,,1470853742190.0715,1506852881372.6804,35999139182.60889,2.4474995813660505,952186413480.7385,1190881151088.161,238694737607.42236,25.068067998877282,0.6473698819727325,0.7903101661811321,0.14294028420839966,22.080156675317863
flow03,235,3,short_gap_assisted,True,True,,1906890211816.6677,1942674223283.784,35784011467.11621,1.8765638024343982,1221815078459.9011,1527104273609.9922,305289195150.09106,24.98653032952485,0.6407369815464599,0.7860835621881386,0.1453465806416787,22.684281511405104
flow05,274,5,direct_candidate_supported,True,True,,1452827684422.757,1492626612351.8699,39798927929.11279,2.7394114495364845,746532394286.0007,932652035188.4797,186119640902.479,24.93122097943087,0.5138478584145482,0.6248394792579361,0.11099162084338798,21.60009407956804
flow10,177,10,direct_candidate_supported,True,True,,2997544717442.165,3048667138172.748,51122420730.58301,1.705476499920451,914569526616.8734,1137456600406.1084,222887073789.235,24.370708546754987,0.30510621619592876,0.37309963628494236,0.0679934200890136,22.28516381500092
flow03,272,3,direct_candidate_supported,True,True,,1160088319465.1592,1211056009827.9365,50967690362.77734,4.3934319057944835,651196120794.6584,809809092426.8815,158612971632.22302,24.35717390924668,0.5613332277105267,0.6686801319304273,0.10734690421990056,19.123561357258215
flow01,39,1,direct_candidate_supported,True,True,,1446134198020.1501,1437912370337.3003,-8221827682.8498535,-0.5685383620763591,1265954121439.7334,1569937942025.8787,303983820586.14526,24.012230414829975,0.8754057010565861,1.0918175365982896,0.2164118355417035,24.72131895879836
flow05,132,5,short_gap_assisted,True,True,,3469606782433.3726,3551637118680.8184,82030336247.4458,2.364254550768277,747056902121.96,925894074902.8823,178837172780.92236,23.93889572172462,0.21531457279375601,0.2606950102061064,0.0453804374123504,21.076342777699068
flow07,412,7,short_gap_assisted,True,True,,1369065450962.0828,1395473603726.0251,26408152763.942383,1.9289182080655525,642717779175.2307,794978439205.7007,152260660030.46997,23.69012729441822,0.46945730660544677,0.5696836092657326,0.10022630266028582,21.349396686357373
flow07,248,7,direct_candidate_supported,True,True,,2261603380793.244,2301305551306.311,39702170513.066895,1.7554877592702214,808848431233.5498,998619153697.6991,189770722464.1493,23.461839713867754,0.35764380178360494,0.43393592525375163,0.07629212347014669,21.33187352602515
flow03,40,3,direct_candidate_supported,True,True,,1965928023684.2756,2078392811288.0647,112464787603.78906,5.720697108382575,673110547663.3809,828950601452.0813,155840053788.70044,23.1522228153577,0.3423881950682652,0.39884212308179934,0.05645392801353416,16.488281087576166
flow03,137,3,short_gap_assisted,True,True,,2328897181653.6646,2343225185084.6064,14328003430.941895,0.6152269642392759,938885659321.9537,1154655407431.98,215769748110.02625,22.981472340929272,0.4031460326880062,0.49276331390672085,0.08961728121871465,22.229483599574266
flow01,296,1,direct_candidate_supported,True,True,,1274351214857.649,1299457922485.2803,25106707627.631348,1.970156055482388,685909390273.24,842484835880.0964,156575445606.85645,22.82742412149844,0.5382420342808394,0.6483356031019464,0.11009356882110699,20.454286698029108
flow07,62,7,short_gap_assisted,True,True,,1655541253425.5813,1666183336551.862,10642083126.280762,0.6428159433816933,781406476903.9302,959331566696.5203,177925089792.5901,22.76985091006163,0.4719945669049771,0.5757659110202366,0.10377134411525946,21.98570733466746
flow01,302,1,direct_candidate_supported,True,True,,2273353278181.551,2278999872138.011,5646593956.460449,0.24838171922742885,780072369468.2952,957599902938.3239,177527533470.0287,22.7578286859504,0.3431373279969372,0.42018427234046535,0.07704694434352816,22.45367613989693
flow03,414,3,direct_candidate_supported,True,True,,1017265863541.7164,998125687682.9172,-19140175858.799194,-1.8815313228108028,837319060018.6838,1027761594052.647,190442534033.96313,22.74432090793605,0.8231073999706142,1.029691557621894,0.2065841576512797,25.09808047633334
flow05,64,5,short_gap_assisted,True,True,,2583770395068.4185,2563608298494.8584,-20162096573.56006,-0.7803362331282601,1056520219476.2048,1291802768146.1516,235282548669.94678,22.26957367522921,0.4089063879254751,0.5039002131895862,0.0949938252641111,23.23119131154882
flow01,266,1,direct_candidate_supported,True,True,,856473459730.9493,862515711876.7012,6042252145.751831,0.7054803715283753,586073568512.2778,716194788666.2501,130121220153.97229,22.20219903181768,0.6842868997906668,0.8303556431545122,0.14606874336384534,21.346125931759012
flow10,239,10,direct_candidate_supported,True,True,,2252611898232.271,2310700405919.5225,58088507687.251465,2.5787179643699925,1137664729451.371,1389083559064.28,251418829612.90894,22.099553858380887,0.505042493269324,0.6011526009627832,0.09611010769345918,19.030103204049908
flow01,236,1,direct_candidate_supported,True,True,,2252034107536.0146,2247259427185.8975,-4774680350.1171875,-0.21201634265394137,875970974212.3367,1068585882236.6671,192614908024.33044,21.988731783895876,0.3889687866098751,0.47550624076134834,0.08653745415147324,22.24791734722609
flow07,351,7,direct_candidate_supported,True,True,,1122741932492.0046,1097633680641.6663,-25108251850.33838,-2.2363333125546356,1007422977520.3356,1227195244723.1843,219772267202.84875,21.815292295972323,0.8972881018920256,1.1180371615471727,0.22074905965514713,24.601803945652986
flow10,455,10,direct_candidate_supported,True,True,,1141223381103.9004,1172095097438.5417,30871716334.641357,2.705142292543926,660076505713.9314,800796098327.8816,140719592613.9502,21.318679182763738,0.5783937804318751,0.6832176843653004,0.10482390393342533,18.123276473539434
flow01,269,1,direct_candidate_supported,True,True,,1550703807653.419,1597664198763.5479,46960391110.12891,3.0283275812155943,561638005563.4534,680670331944.7172,119032326381.2638,21.193780549421103,0.3621826442880438,0.4260409242890317,0.06385828000098787,17.631512997127878
flow03,48,3,direct_candidate_supported,True,True,,2632705843330.584,2659241810393.175,26535967062.59082,1.0079351299277968,1206076856255.8013,1459823771199.9998,253746914944.1985,21.03903359292887,0.4581130320013334,0.5489624017998429,0.0908493697985095,19.83121270347207
flow10,125,10,short_gap_assisted,True,True,,2476129669243.2153,2481961305390.525,5831636147.30957,0.23551416631148825,1360672885719.0195,1646036409908.0344,285363524189.0149,20.972235662520784,0.5495160058135747,0.6631998679161674,0.11368386210259263,20.68799832941723
flow03,62,3,direct_candidate_supported,True,True,,2494693683612.806,2504499945222.6714,9806261609.865234,0.3930847973152296,1126349735235.7786,1361820864714.5688,235471129478.79028,20.905685162655022,0.45149821103671656,0.5437496085045797,0.0922513974678631,20.432284162552545
flow03,220,3,short_gap_assisted,True,True,,1480525430152.689,1446794538478.6897,-33730891673.999268,-2.2783054574429396,1243848551929.1162,1503300248711.7444,259451696782.62817,20.858785129446666,0.8401399439662689,1.0390557945376755,0.1989158505714066,23.676513895093763
flow10,280,10,short_gap_assisted,True,True,,1361290892737.3357,1413404117904.5112,52113225167.17554,3.8282210984592924,361332226210.1357,436654291457.64575,75322065247.51007,20.845653884108835,0.26543351471598775,0.30893803543251447,0.04350452071652672,16.389987814114694
flow01,255,1,direct_candidate_supported,True,True,,2107182198024.6528,2195669301118.529,88487103093.87622,4.199309541283481,878571361156.6165,1061596099453.6504,183024738297.03394,20.83208563230272,0.4169413361503435,0.4834954421017986,0.06655410595145511,15.96246286490927
flow03,308,3,direct_candidate_supported,True,True,,2243713667335.4775,2305695110372.179,61981443036.70166,2.762448878350317,753379095738.5559,910288431248.9233,156909335510.36743,20.82740766208085,0.3357732792318511,0.3948000007260227,0.05902672149417165,17.579338543319217
