scan_id,frame_index_0based,bscan_index_matlab_1based,source_file,raw_oct_file,flow_dicom_file,tracking_file,diameter_um,flow_speed_mm_s,dx_um,dz_um,vessel_id,phantom_id,session_id,independent_acquisition_id,temporal_repeat_id,temporal_repeat_count,scan_time_interval_s,acquisition_order,slow_axis_position_um,slow_axis_spacing_um,reconstruction_version,position_label,manual_adjustment_source,manual_adjustment_count,seed_z_upper_px,z_upper_px,z_candidate_accepted,z_short_gap_filled,z_continuity_status,z_valid_segment_id,new_tracking_class,vessel_presence_prediction,x4_centroid_isolated_jump_corrected_px,x1_local_geometry_px,local_body_run_width_px,x_center_px,z_relock_start,z_relock_confirmation_frame,bscan_index,run_id,code_commit,raw_input_available,input_mapping_valid,geometry_qc_valid,source_qc_valid,background_qc_valid,window_qc_valid,valid,q_vessel,q_tail,ratio_tail_to_vessel,source_area_um2,source_mean,detection_status,detected,detectable_length_um,detection_evaluable,localization_source,localization_invalid_reason,q_tail_direct_check,tail_area_um2,requested_tail_area_um2,tail_window_complete,source_window_complete,background_complete,background_excluded_side,invalid_reason,tail_gap_um,requested_tail_length_um,lateral_width_um,x_left_edge_px,x_right_edge_px,z_top_edge_px,z_bottom_edge_px,background_combination_check,negative_residual_retention_check,negative_corrected_pixels,p_width_t_check,tail_2d_profile_check,ratio_identity_check,raw_sv_min,raw_sv_max,diagnostic_q_vessel,diagnostic_q_tail,diagnostic_ratio_tail_to_vessel,assessability
flow01,129,130,arrays/flow01/frame_129.npz,1.oct,1.oct-Flow_ed.dcm,tracking/flow01/flow01_mentor_tracking.csv,128.0,1,12.7,6.7,,,,,,3,,,,,ee3012c04be0d02289520a34409d0855a3e5ca58,whole_volume,,0,203.0,203.0,True,False,accepted,0,high_confidence,uncertain,235.80531852748192,237.0,13.0,234.79877594676296,False,,129,formal_sv_d128_v21_full2500_run001,b1df9ab3c8872bdd5030a7cac7ffa09bd1ad42c3,True,True,False,False,True,True,False,,,,16599.197656250002,187536682.22209117,not_evaluated_no_matched_blank,,,False,direct_candidate_supported,mentor_assessability_uncertain,1334173753436.1074,82549.99999999999,82550.0,True,True,True,,source_qc_failed,0.0,500.0,165.1,229.30531852748192,242.30531852748192,202.5,221.6044776119403,True,True,107581.0,True,True,False,58.91331082498576,2015182802.333474,3112958456001.8374,1334173753436.1074,,uncertain
flow01,237,238,arrays/flow01/frame_237.npz,1.oct,1.oct-Flow_ed.dcm,tracking/flow01/flow01_mentor_tracking.csv,128.0,1,12.7,6.7,,,,,,3,,,,,ee3012c04be0d02289520a34409d0855a3e5ca58,whole_volume,,0,194.0,200.0,False,True,rejected_continuity,0,model_assisted,uncertain,239.15239794708023,239.0,9.0,239.2010193471284,False,,237,formal_sv_d128_v21_full2500_run001,b1df9ab3c8872bdd5030a7cac7ffa09bd1ad42c3,True,True,False,False,True,True,False,,,,11489.8090625,204905584.82003704,not_evaluated_no_matched_blank,,,False,short_gap_assisted,mentor_assessability_uncertain,664463339113.0404,57149.99999999999,57150.0,True,True,True,,source_qc_failed,0.0,500.0,114.3,234.65239794708023,243.65239794708023,199.5,218.6044776119403,True,True,111107.0,True,True,False,4.188185223028305,1806690642.4749727,2354326045422.124,664463339113.0403,,uncertain
flow01,265,266,arrays/flow01/frame_265.npz,1.oct,1.oct-Flow_ed.dcm,tracking/flow01/flow01_mentor_tracking.csv,128.0,1,12.7,6.7,,,,,,3,,,,,ee3012c04be0d02289520a34409d0855a3e5ca58,whole_volume,,0,199.0,199.0,True,False,accepted,0,high_confidence,uncertain,239.5534742387719,237.5,6.0,238.91216843333348,False,,265,formal_sv_d128_v21_full2500_run001,b1df9ab3c8872bdd5030a7cac7ffa09bd1ad42c3,True,True,False,False,True,True,False,,,,7664.4152734375,70320072.26653008,not_evaluated_no_matched_blank,,,False,direct_candidate_supported,mentor_assessability_uncertain,304026454172.21454,38099.99999999999,38099.99999999999,True,True,True,,source_qc_failed,0.0,500.0,76.19999999999999,236.5534742387719,242.5534742387719,198.5,217.6044776119403,True,True,108318.0,True,True,False,1.3646900015634242,2307084800.427416,538962235908.8219,304026454172.21454,,uncertain
flow01,271,272,arrays/flow01/frame_271.npz,1.oct,1.oct-Flow_ed.dcm,tracking/flow01/flow01_mentor_tracking.csv,128.0,1,12.7,6.7,,,,,,3,,,,,ee3012c04be0d02289520a34409d0855a3e5ca58,whole_volume,,0,199.0,199.0,True,False,accepted,0,high_confidence,uncertain,241.0926192361558,239.5,8.0,238.77590736943853,False,,271,formal_sv_d128_v21_full2500_run001,b1df9ab3c8872bdd5030a7cac7ffa09bd1ad42c3,True,True,False,False,True,True,False,,,,10208.4733203125,91949617.45404644,not_evaluated_no_matched_blank,,,False,direct_candidate_supported,mentor_assessability_uncertain,327116932917.8324,50799.99999999999,50800.0,True,True,True,,source_qc_failed,0.0,500.0,101.6,237.0926192361558,245.0926192361558,198.5,217.6044776119403,True,True,114895.0,True,True,False,42.36042671020784,4901567674.593073,938665216592.5736,327116932917.83234,,uncertain
flow01,348,349,arrays/flow01/frame_348.npz,1.oct,1.oct-Flow_ed.dcm,tracking/flow01/flow01_mentor_tracking.csv,128.0,1,12.7,6.7,,,,,,3,,,,,ee3012c04be0d02289520a34409d0855a3e5ca58,whole_volume,,0,194.0,196.0,True,False,accepted,0,high_confidence,uncertain,244.83606132584757,243.0,9.0,242.9999553886572,False,,348,formal_sv_d128_v21_full2500_run001,b1df9ab3c8872bdd5030a7cac7ffa09bd1ad42c3,True,True,False,False,True,True,False,,,,11491.470976562501,167609517.55320397,not_evaluated_no_matched_blank,,,False,direct_candidate_supported,mentor_assessability_uncertain,787513722470.1488,57149.99999999999,57150.0,True,True,True,,source_qc_failed,0.0,500.0,114.3,240.33606132584757,249.33606132584757,195.5,214.6044776119403,True,True,111545.0,True,True,False,28.191491672417936,1565959133.170618,1926079906358.2866,787513722470.1489,,uncertain
flow01,397,398,arrays/flow01/frame_397.npz,1.oct,1.oct-Flow_ed.dcm,tracking/flow01/flow01_mentor_tracking.csv,128.0,1,12.7,6.7,,,,,,3,,,,,ee3012c04be0d02289520a34409d0855a3e5ca58,whole_volume,,0,193.0,194.0,True,False,accepted,0,high_confidence,uncertain,245.9278862891276,246.0,13.0,244.92811181647423,False,,397,formal_sv_d128_v21_full2500_run001,b1df9ab3c8872bdd5030a7cac7ffa09bd1ad42c3,True,True,False,False,True,True,False,,,,16598.532890625,144446632.7605905,not_evaluated_no_matched_blank,,,False,direct_candidate_supported,mentor_assessability_uncertain,1208839048617.0725,82549.99999999999,82550.0,True,True,True,,source_qc_failed,0.0,500.0,165.1,239.4278862891276,252.4278862891276,193.5,212.6044776119403,True,True,111174.0,True,True,False,28.275843989057382,3863041383.9343987,2397602184816.692,1208839048617.0728,,uncertain
flow01,421,422,arrays/flow01/frame_421.npz,1.oct,1.oct-Flow_ed.dcm,tracking/flow01/flow01_mentor_tracking.csv,128.0,1,12.7,6.7,,,,,,3,,,,,ee3012c04be0d02289520a34409d0855a3e5ca58,whole_volume,,0,191.0,192.0,True,False,accepted,0,high_confidence,uncertain,245.56036190396503,247.0,13.0,245.56628756316675,False,,421,formal_sv_d128_v21_full2500_run001,b1df9ab3c8872bdd5030a7cac7ffa09bd1ad42c3,True,True,False,False,True,True,False,,,,16599.5300390625,112325115.91004544,not_evaluated_no_matched_blank,,,False,direct_candidate_supported,mentor_assessability_uncertain,2366846531618.8433,82549.99999999999,82550.0,True,True,True,,source_qc_failed,0.0,500.0,165.1,239.06036190396503,252.06036190396503,191.5,210.6044776119403,True,True,112117.0,True,True,False,12.957155436239951,1883022650.553634,1864544135689.9768,2366846531618.843,,uncertain
flow01,453,454,arrays/flow01/frame_453.npz,1.oct,1.oct-Flow_ed.dcm,tracking/flow01/flow01_mentor_tracking.csv,128.0,1,12.7,6.7,,,,,,3,,,,,ee3012c04be0d02289520a34409d0855a3e5ca58,whole_volume,,0,195.0,195.0,True,False,accepted,0,high_confidence,uncertain,246.91962954444847,246.0,13.0,245.82759089255484,False,,453,formal_sv_d128_v21_full2500_run001,b1df9ab3c8872bdd5030a7cac7ffa09bd1ad42c3,True,True,False,False,True,True,False,,,,16598.8652734375,69494385.63178004,not_evaluated_no_matched_blank,,,False,direct_candidate_supported,mentor_assessability_uncertain,765585617204.5728,82549.99999999999,82550.0,True,True,True,,source_qc_failed,0.0,500.0,165.1,240.41962954444847,253.41962954444847,194.5,213.6044776119403,True,True,112426.0,True,True,False,112.44327254586268,4014503776.7712464,1153527944362.2275,765585617204.5726,,uncertain
flow01,488,489,arrays/flow01/frame_488.npz,1.oct,1.oct-Flow_ed.dcm,tracking/flow01/flow01_mentor_tracking.csv,128.0,1,12.7,6.7,,,,,,3,,,,,ee3012c04be0d02289520a34409d0855a3e5ca58,whole_volume,,0,196.0,196.0,True,False,accepted,0,high_confidence,uncertain,246.8705679260036,247.5,12.0,247.99400509156683,False,,488,formal_sv_d128_v21_full2500_run001,b1df9ab3c8872bdd5030a7cac7ffa09bd1ad42c3,True,True,False,False,True,True,False,,,,15321.518125,98559820.06350492,not_evaluated_no_matched_blank,,,False,direct_candidate_supported,mentor_assessability_uncertain,913439202771.557,76199.99999999999,76199.99999999999,True,True,True,,source_qc_failed,0.0,500.0,152.39999999999998,240.8705679260036,252.8705679260036,195.5,214.6044776119403,True,True,118797.0,True,True,False,17.914155728540273,5179426796.329105,1510086069499.7292,913439202771.5566,,uncertain
flow01,492,493,arrays/flow01/frame_492.npz,1.oct,1.oct-Flow_ed.dcm,tracking/flow01/flow01_mentor_tracking.csv,128.0,1,12.7,6.7,,,,,,3,,,,,ee3012c04be0d02289520a34409d0855a3e5ca58,whole_volume,,0,192.0,196.0,False,True,rejected_continuity,0,model_assisted,uncertain,247.66542472426255,248.0,9.0,247.87943514666176,False,,492,formal_sv_d128_v21_full2500_run001,b1df9ab3c8872bdd5030a7cac7ffa09bd1ad42c3,True,True,False,False,True,True,False,,,,11491.803359375,153797367.40084392,not_evaluated_no_matched_blank,,,False,short_gap_assisted,mentor_assessability_uncertain,1113769348304.2822,57149.99999999999,57150.0,True,True,True,,source_qc_failed,0.0,500.0,114.3,243.16542472426255,252.16542472426255,195.5,214.6044776119403,True,True,107886.0,True,True,False,5.7402466210799,2660927277.946936,1767409103360.0493,1113769348304.2822,,uncertain
flow01,496,497,arrays/flow01/frame_496.npz,1.oct,1.oct-Flow_ed.dcm,tracking/flow01/flow01_mentor_tracking.csv,128.0,1,12.7,6.7,,,,,,3,,,,,ee3012c04be0d02289520a34409d0855a3e5ca58,whole_volume,,0,188.0,196.0,False,True,rejected_continuity,0,model_assisted,uncertain,246.42457720065852,245.5,14.0,247.4335077307246,False,,496,formal_sv_d128_v21_full2500_run001,b1df9ab3c8872bdd5030a7cac7ffa09bd1ad42c3,True,True,False,False,True,True,False,,,,17876.877187500002,95268569.16726814,not_evaluated_no_matched_blank,,,False,short_gap_assisted,mentor_assessability_uncertain,1187118968528.9185,88899.99999999999,88899.99999999999,True,True,True,,source_qc_failed,0.0,500.0,177.79999999999998,239.42457720065852,253.42457720065852,195.5,214.6044776119403,True,True,111557.0,True,True,False,68.29310162141054,899637770.8029732,1703104510832.1018,1187118968528.9185,,uncertain
flow01,497,498,arrays/flow01/frame_497.npz,1.oct,1.oct-Flow_ed.dcm,tracking/flow01/flow01_mentor_tracking.csv,128.0,1,12.7,6.7,,,,,,3,,,,,ee3012c04be0d02289520a34409d0855a3e5ca58,whole_volume,,0,197.0,197.0,True,False,accepted,0,high_confidence,uncertain,247.5090906995107,248.0,11.0,247.3077097472643,False,,497,formal_sv_d128_v21_full2500_run001,b1df9ab3c8872bdd5030a7cac7ffa09bd1ad42c3,True,True,False,False,True,True,False,,,,14049.821484375001,145940527.2008427,not_evaluated_no_matched_blank,,,False,direct_candidate_supported,mentor_assessability_uncertain,1093880965417.9767,69850.0,69850.0,True,True,True,,source_qc_failed,0.0,500.0,139.7,242.0090906995107,253.0090906995107,196.5,215.6044776119403,True,True,106615.0,True,True,False,37.36042931561343,1006433454.7417551,2050438354507.414,1093880965417.9764,,uncertain
flow01,498,499,arrays/flow01/frame_498.npz,1.oct,1.oct-Flow_ed.dcm,tracking/flow01/flow01_mentor_tracking.csv,128.0,1,12.7,6.7,,,,,,3,,,,,ee3012c04be0d02289520a34409d0855a3e5ca58,whole_volume,,0,191.0,,False,False,rejected_continuity,-1,failed,not_assessable,,,,247.20122405323707,False,,498,formal_sv_d128_v21_full2500_run001,b1df9ab3c8872bdd5030a7cac7ffa09bd1ad42c3,True,True,False,False,False,False,False,,,,,,not_evaluated_no_matched_blank,,,False,missing,,,,,,,,,no_reliable_z_geometry,,,,,,,,,,,,,,,,,,,not_assessable
flow01,499,500,arrays/flow01/frame_499.npz,1.oct,1.oct-Flow_ed.dcm,tracking/flow01/flow01_mentor_tracking.csv,128.0,1,12.7,6.7,,,,,,3,,,,,ee3012c04be0d02289520a34409d0855a3e5ca58,rear,,0,192.0,,False,False,rejected_continuity,-1,failed,not_assessable,,,,247.1205648533383,False,,499,formal_sv_d128_v21_full2500_run001,b1df9ab3c8872bdd5030a7cac7ffa09bd1ad42c3,True,True,False,False,False,False,False,,,,,,not_evaluated_no_matched_blank,,,False,missing,,,,,,,,,no_reliable_z_geometry,,,,,,,,,,,,,,,,,,,not_assessable
flow03,14,15,arrays/flow03/frame_014.npz,3.oct,3.oct-Flow_ed.dcm,tracking/flow03/flow03_mentor_tracking.csv,128.0,3,12.7,6.7,,,,,,3,,,,,ee3012c04be0d02289520a34409d0855a3e5ca58,whole_volume,,0,211.0,,False,False,rejected_continuity,-1,failed,not_assessable,,,,234.21464505047572,False,,14,formal_sv_d128_v21_full2500_run001,a75365e912a5cbfa32c2858cf5db8ccb08277cb0,True,True,False,False,False,False,False,,,,,,not_evaluated_no_matched_blank,,,False,missing,,,,,,,,,no_reliable_z_geometry,,,,,,,,,,,,,,,,,,,not_assessable
flow03,15,16,arrays/flow03/frame_015.npz,3.oct,3.oct-Flow_ed.dcm,tracking/flow03/flow03_mentor_tracking.csv,128.0,3,12.7,6.7,,,,,,3,,,,,ee3012c04be0d02289520a34409d0855a3e5ca58,whole_volume,,0,213.0,,False,False,rejected_continuity,-1,failed,not_assessable,,,,234.62519898927755,False,,15,formal_sv_d128_v21_full2500_run001,a75365e912a5cbfa32c2858cf5db8ccb08277cb0,True,True,False,False,False,False,False,,,,,,not_evaluated_no_matched_blank,,,False,missing,,,,,,,,,no_reliable_z_geometry,,,,,,,,,,,,,,,,,,,not_assessable
flow03,16,17,arrays/flow03/frame_016.npz,3.oct,3.oct-Flow_ed.dcm,tracking/flow03/flow03_mentor_tracking.csv,128.0,3,12.7,6.7,,,,,,3,,,,,ee3012c04be0d02289520a34409d0855a3e5ca58,whole_volume,,0,205.0,,False,False,rejected_continuity,-1,failed,not_assessable,,,,235.05232533865205,False,,16,formal_sv_d128_v21_full2500_run001,a75365e912a5cbfa32c2858cf5db8ccb08277cb0,True,True,False,False,False,False,False,,,,,,not_evaluated_no_matched_blank,,,False,missing,,,,,,,,,no_reliable_z_geometry,,,,,,,,,,,,,,,,,,,not_assessable
flow03,17,18,arrays/flow03/frame_017.npz,3.oct,3.oct-Flow_ed.dcm,tracking/flow03/flow03_mentor_tracking.csv,128.0,3,12.7,6.7,,,,,,3,,,,,ee3012c04be0d02289520a34409d0855a3e5ca58,whole_volume,,0,202.0,,False,False,rejected_continuity,-1,failed,not_assessable,,,,235.46523970537015,False,,17,formal_sv_d128_v21_full2500_run001,a75365e912a5cbfa32c2858cf5db8ccb08277cb0,True,True,False,False,False,False,False,,,,,,not_evaluated_no_matched_blank,,,False,missing,,,,,,,,,no_reliable_z_geometry,,,,,,,,,,,,,,,,,,,not_assessable
flow03,18,19,arrays/flow03/frame_018.npz,3.oct,3.oct-Flow_ed.dcm,tracking/flow03/flow03_mentor_tracking.csv,128.0,3,12.7,6.7,,,,,,3,,,,,ee3012c04be0d02289520a34409d0855a3e5ca58,whole_volume,,0,199.0,,False,False,rejected_continuity,-1,failed,not_assessable,,,,235.8393683656976,False,,18,formal_sv_d128_v21_full2500_run001,a75365e912a5cbfa32c2858cf5db8ccb08277cb0,True,True,False,False,False,False,False,,,,,,not_evaluated_no_matched_blank,,,False,missing,,,,,,,,,no_reliable_z_geometry,,,,,,,,,,,,,,,,,,,not_assessable
flow03,19,20,arrays/flow03/frame_019.npz,3.oct,3.oct-Flow_ed.dcm,tracking/flow03/flow03_mentor_tracking.csv,128.0,3,12.7,6.7,,,,,,3,,,,,ee3012c04be0d02289520a34409d0855a3e5ca58,whole_volume,,0,197.0,,False,False,rejected_continuity,-1,failed,not_assessable,,,,236.15964473737637,False,,19,formal_sv_d128_v21_full2500_run001,a75365e912a5cbfa32c2858cf5db8ccb08277cb0,True,True,False,False,False,False,False,,,,,,not_evaluated_no_matched_blank,,,False,missing,,,,,,,,,no_reliable_z_geometry,,,,,,,,,,,,,,,,,,,not_assessable
flow03,195,196,arrays/flow03/frame_195.npz,3.oct,3.oct-Flow_ed.dcm,tracking/flow03/flow03_mentor_tracking.csv,128.0,3,12.7,6.7,,,,,,3,,,,,ee3012c04be0d02289520a34409d0855a3e5ca58,whole_volume,,0,189.0,,False,False,rejected_continuity,-1,failed,not_assessable,,,,242.99928118628557,False,,195,formal_sv_d128_v21_full2500_run001,a75365e912a5cbfa32c2858cf5db8ccb08277cb0,True,True,False,False,False,False,False,,,,,,not_evaluated_no_matched_blank,,,False,missing,,,,,,,,,no_reliable_z_geometry,,,,,,,,,,,,,,,,,,,not_assessable
flow03,196,197,arrays/flow03/frame_196.npz,3.oct,3.oct-Flow_ed.dcm,tracking/flow03/flow03_mentor_tracking.csv,128.0,3,12.7,6.7,,,,,,3,,,,,ee3012c04be0d02289520a34409d0855a3e5ca58,whole_volume,,0,188.0,,False,False,rejected_continuity,-1,failed,not_assessable,,,,242.9997952938913,False,,196,formal_sv_d128_v21_full2500_run001,a75365e912a5cbfa32c2858cf5db8ccb08277cb0,True,True,False,False,False,False,False,,,,,,not_evaluated_no_matched_blank,,,False,missing,,,,,,,,,no_reliable_z_geometry,,,,,,,,,,,,,,,,,,,not_assessable
flow03,197,198,arrays/flow03/frame_197.npz,3.oct,3.oct-Flow_ed.dcm,tracking/flow03/flow03_mentor_tracking.csv,128.0,3,12.7,6.7,,,,,,3,,,,,ee3012c04be0d02289520a34409d0855a3e5ca58,whole_volume,,0,187.0,,False,False,rejected_continuity,-1,failed,not_assessable,,,,242.9999553886572,False,,197,formal_sv_d128_v21_full2500_run001,a75365e912a5cbfa32c2858cf5db8ccb08277cb0,True,True,False,False,False,False,False,,,,,,not_evaluated_no_matched_blank,,,False,missing,,,,,,,,,no_reliable_z_geometry,,,,,,,,,,,,,,,,,,,not_assessable
flow03,198,199,arrays/flow03/frame_198.npz,3.oct,3.oct-Flow_ed.dcm,tracking/flow03/flow03_mentor_tracking.csv,128.0,3,12.7,6.7,,,,,,3,,,,,ee3012c04be0d02289520a34409d0855a3e5ca58,whole_volume,,0,190.0,,False,False,rejected_continuity,-1,failed,not_assessable,,,,243.0,False,,198,formal_sv_d128_v21_full2500_run001,a75365e912a5cbfa32c2858cf5db8ccb08277cb0,True,True,False,False,False,False,False,,,,,,not_evaluated_no_matched_blank,,,False,missing,,,,,,,,,no_reliable_z_geometry,,,,,,,,,,,,,,,,,,,not_assessable
flow03,199,200,arrays/flow03/frame_199.npz,3.oct,3.oct-Flow_ed.dcm,tracking/flow03/flow03_mentor_tracking.csv,128.0,3,12.7,6.7,,,,,,3,,,,,ee3012c04be0d02289520a34409d0855a3e5ca58,whole_volume,,0,190.0,,False,False,rejected_continuity,-1,failed,not_assessable,,,,243.0,False,,199,formal_sv_d128_v21_full2500_run001,a75365e912a5cbfa32c2858cf5db8ccb08277cb0,True,True,False,False,False,False,False,,,,,,not_evaluated_no_matched_blank,,,False,missing,,,,,,,,,no_reliable_z_geometry,,,,,,,,,,,,,,,,,,,not_assessable
flow03,200,201,arrays/flow03/frame_200.npz,3.oct,3.oct-Flow_ed.dcm,tracking/flow03/flow03_mentor_tracking.csv,128.0,3,12.7,6.7,,,,,,3,,,,,ee3012c04be0d02289520a34409d0855a3e5ca58,whole_volume,,0,191.0,,False,False,rejected_continuity,-1,failed,not_assessable,,,,243.0,False,,200,formal_sv_d128_v21_full2500_run001,a75365e912a5cbfa32c2858cf5db8ccb08277cb0,True,True,False,False,False,False,False,,,,,,not_evaluated_no_matched_blank,,,False,missing,,,,,,,,,no_reliable_z_geometry,,,,,,,,,,,,,,,,,,,not_assessable
flow03,201,202,arrays/flow03/frame_201.npz,3.oct,3.oct-Flow_ed.dcm,tracking/flow03/flow03_mentor_tracking.csv,128.0,3,12.7,6.7,,,,,,3,,,,,ee3012c04be0d02289520a34409d0855a3e5ca58,whole_volume,,0,193.0,,False,False,pending_relock,-1,failed,not_assessable,,,,243.0,False,,201,formal_sv_d128_v21_full2500_run001,a75365e912a5cbfa32c2858cf5db8ccb08277cb0,True,True,False,False,False,False,False,,,,,,not_evaluated_no_matched_blank,,,False,missing,,,,,,,,,no_reliable_z_geometry,,,,,,,,,,,,,,,,,,,not_assessable
flow03,202,203,arrays/flow03/frame_202.npz,3.oct,3.oct-Flow_ed.dcm,tracking/flow03/flow03_mentor_tracking.csv,128.0,3,12.7,6.7,,,,,,3,,,,,ee3012c04be0d02289520a34409d0855a3e5ca58,whole_volume,,0,208.0,,False,False,pending_relock,-1,failed,not_assessable,,,,243.0,False,,202,formal_sv_d128_v21_full2500_run001,a75365e912a5cbfa32c2858cf5db8ccb08277cb0,True,True,False,False,False,False,False,,,,,,not_evaluated_no_matched_blank,,,False,missing,,,,,,,,,no_reliable_z_geometry,,,,,,,,,,,,,,,,,,,not_assessable
flow03,203,204,arrays/flow03/frame_203.npz,3.oct,3.oct-Flow_ed.dcm,tracking/flow03/flow03_mentor_tracking.csv,128.0,3,12.7,6.7,,,,,,3,,,,,ee3012c04be0d02289520a34409d0855a3e5ca58,whole_volume,,0,196.0,,False,False,pending_relock,-1,failed,not_assessable,,,,243.0,False,,203,formal_sv_d128_v21_full2500_run001,a75365e912a5cbfa32c2858cf5db8ccb08277cb0,True,True,False,False,False,False,False,,,,,,not_evaluated_no_matched_blank,,,False,missing,,,,,,,,,no_reliable_z_geometry,,,,,,,,,,,,,,,,,,,not_assessable
flow03,204,205,arrays/flow03/frame_204.npz,3.oct,3.oct-Flow_ed.dcm,tracking/flow03/flow03_mentor_tracking.csv,128.0,3,12.7,6.7,,,,,,3,,,,,ee3012c04be0d02289520a34409d0855a3e5ca58,whole_volume,,0,,,False,False,no_candidate,-1,failed,not_assessable,,,,243.0,False,,204,formal_sv_d128_v21_full2500_run001,a75365e912a5cbfa32c2858cf5db8ccb08277cb0,True,True,False,False,False,False,False,,,,,,not_evaluated_no_matched_blank,,,False,missing,,,,,,,,,no_reliable_z_geometry,,,,,,,,,,,,,,,,,,,not_assessable
flow03,205,206,arrays/flow03/frame_205.npz,3.oct,3.oct-Flow_ed.dcm,tracking/flow03/flow03_mentor_tracking.csv,128.0,3,12.7,6.7,,,,,,3,,,,,ee3012c04be0d02289520a34409d0855a3e5ca58,whole_volume,,0,,,False,False,no_candidate,-1,failed,not_assessable,,,,243.0,False,,205,formal_sv_d128_v21_full2500_run001,a75365e912a5cbfa32c2858cf5db8ccb08277cb0,True,True,False,False,False,False,False,,,,,,not_evaluated_no_matched_blank,,,False,missing,,,,,,,,,no_reliable_z_geometry,,,,,,,,,,,,,,,,,,,not_assessable
flow03,206,207,arrays/flow03/frame_206.npz,3.oct,3.oct-Flow_ed.dcm,tracking/flow03/flow03_mentor_tracking.csv,128.0,3,12.7,6.7,,,,,,3,,,,,ee3012c04be0d02289520a34409d0855a3e5ca58,whole_volume,,0,192.0,,False,False,pending_relock,-1,failed,not_assessable,,,,243.0,False,,206,formal_sv_d128_v21_full2500_run001,a75365e912a5cbfa32c2858cf5db8ccb08277cb0,True,True,False,False,False,False,False,,,,,,not_evaluated_no_matched_blank,,,False,missing,,,,,,,,,no_reliable_z_geometry,,,,,,,,,,,,,,,,,,,not_assessable
flow03,207,208,arrays/flow03/frame_207.npz,3.oct,3.oct-Flow_ed.dcm,tracking/flow03/flow03_mentor_tracking.csv,128.0,3,12.7,6.7,,,,,,3,,,,,ee3012c04be0d02289520a34409d0855a3e5ca58,whole_volume,,0,193.0,,False,False,pending_relock,-1,failed,not_assessable,,,,243.0,False,,207,formal_sv_d128_v21_full2500_run001,a75365e912a5cbfa32c2858cf5db8ccb08277cb0,True,True,False,False,False,False,False,,,,,,not_evaluated_no_matched_blank,,,False,missing,,,,,,,,,no_reliable_z_geometry,,,,,,,,,,,,,,,,,,,not_assessable
flow03,208,209,arrays/flow03/frame_208.npz,3.oct,3.oct-Flow_ed.dcm,tracking/flow03/flow03_mentor_tracking.csv,128.0,3,12.7,6.7,,,,,,3,,,,,ee3012c04be0d02289520a34409d0855a3e5ca58,whole_volume,,0,185.0,,False,False,pending_relock,-1,failed,not_assessable,,,,243.0,False,,208,formal_sv_d128_v21_full2500_run001,a75365e912a5cbfa32c2858cf5db8ccb08277cb0,True,True,False,False,False,False,False,,,,,,not_evaluated_no_matched_blank,,,False,missing,,,,,,,,,no_reliable_z_geometry,,,,,,,,,,,,,,,,,,,not_assessable
flow03,209,210,arrays/flow03/frame_209.npz,3.oct,3.oct-Flow_ed.dcm,tracking/flow03/flow03_mentor_tracking.csv,128.0,3,12.7,6.7,,,,,,3,,,,,ee3012c04be0d02289520a34409d0855a3e5ca58,whole_volume,,0,192.0,,False,False,pending_relock,-1,failed,not_assessable,,,,243.0,False,,209,formal_sv_d128_v21_full2500_run001,a75365e912a5cbfa32c2858cf5db8ccb08277cb0,True,True,False,False,False,False,False,,,,,,not_evaluated_no_matched_blank,,,False,missing,,,,,,,,,no_reliable_z_geometry,,,,,,,,,,,,,,,,,,,not_assessable
flow03,210,211,arrays/flow03/frame_210.npz,3.oct,3.oct-Flow_ed.dcm,tracking/flow03/flow03_mentor_tracking.csv,128.0,3,12.7,6.7,,,,,,3,,,,,ee3012c04be0d02289520a34409d0855a3e5ca58,whole_volume,,0,211.0,,False,False,pending_relock,-1,failed,not_assessable,,,,243.0,False,,210,formal_sv_d128_v21_full2500_run001,a75365e912a5cbfa32c2858cf5db8ccb08277cb0,True,True,False,False,False,False,False,,,,,,not_evaluated_no_matched_blank,,,False,missing,,,,,,,,,no_reliable_z_geometry,,,,,,,,,,,,,,,,,,,not_assessable
flow03,211,212,arrays/flow03/frame_211.npz,3.oct,3.oct-Flow_ed.dcm,tracking/flow03/flow03_mentor_tracking.csv,128.0,3,12.7,6.7,,,,,,3,,,,,ee3012c04be0d02289520a34409d0855a3e5ca58,whole_volume,,0,,,False,False,no_candidate,-1,failed,not_assessable,,,,243.0,False,,211,formal_sv_d128_v21_full2500_run001,a75365e912a5cbfa32c2858cf5db8ccb08277cb0,True,True,False,False,False,False,False,,,,,,not_evaluated_no_matched_blank,,,False,missing,,,,,,,,,no_reliable_z_geometry,,,,,,,,,,,,,,,,,,,not_assessable
flow03,212,213,arrays/flow03/frame_212.npz,3.oct,3.oct-Flow_ed.dcm,tracking/flow03/flow03_mentor_tracking.csv,128.0,3,12.7,6.7,,,,,,3,,,,,ee3012c04be0d02289520a34409d0855a3e5ca58,whole_volume,,0,188.0,,False,False,pending_relock,-1,failed,not_assessable,,,,243.0000446113428,False,,212,formal_sv_d128_v21_full2500_run001,a75365e912a5cbfa32c2858cf5db8ccb08277cb0,True,True,False,False,False,False,False,,,,,,not_evaluated_no_matched_blank,,,False,missing,,,,,,,,,no_reliable_z_geometry,,,,,,,,,,,,,,,,,,,not_assessable
flow03,430,431,arrays/flow03/frame_430.npz,3.oct,3.oct-Flow_ed.dcm,tracking/flow03/flow03_mentor_tracking.csv,128.0,3,12.7,6.7,,,,,,3,,,,,ee3012c04be0d02289520a34409d0855a3e5ca58,whole_volume,,0,188.0,190.0,True,False,accepted,2,high_confidence,uncertain,244.7881097066568,247.5,8.0,246.79877594676296,False,,430,formal_sv_d128_v21_full2500_run001,a75365e912a5cbfa32c2858cf5db8ccb08277cb0,True,True,False,False,True,True,False,,,,10213.4590625,78972756.01802865,not_evaluated_no_matched_blank,,,False,direct_candidate_supported,mentor_assessability_uncertain,973965032517.6416,50799.99999999999,50800.0,True,True,True,,source_qc_failed,0.0,500.0,101.6,240.7881097066568,248.7881097066568,189.5,208.6044776119403,True,True,114279.0,True,True,False,65.44449233649314,40714335864.138916,806585010642.9362,973965032517.6414,,uncertain
flow03,431,432,arrays/flow03/frame_431.npz,3.oct,3.oct-Flow_ed.dcm,tracking/flow03/flow03_mentor_tracking.csv,128.0,3,12.7,6.7,,,,,,3,,,,,ee3012c04be0d02289520a34409d0855a3e5ca58,whole_volume,,0,194.0,191.0,False,True,rejected_continuity,2,model_assisted,uncertain,242.8666648114449,246.5,8.0,246.6922902527357,False,,431,formal_sv_d128_v21_full2500_run001,a75365e912a5cbfa32c2858cf5db8ccb08277cb0,True,True,False,False,True,True,False,,,,10216.118125,-81310500.65084897,not_evaluated_no_matched_blank,,,False,short_gap_assisted,mentor_assessability_uncertain,123705741881.00723,50799.99999999999,50800.0,True,True,True,,source_qc_failed;q_vessel_nonpositive,0.0,500.0,101.6,238.8666648114449,246.8666648114449,190.5,209.6044776119403,True,True,120891.0,True,True,False,107.23346024714941,13177727526.4366,-830677679451.9625,123705741881.00726,,uncertain
flow03,432,433,arrays/flow03/frame_432.npz,3.oct,3.oct-Flow_ed.dcm,tracking/flow03/flow03_mentor_tracking.csv,128.0,3,12.7,6.7,,,,,,3,,,,,ee3012c04be0d02289520a34409d0855a3e5ca58,whole_volume,,0,192.0,191.0,True,False,accepted,2,model_assisted,not_assessable,244.41794692363445,247.0,5.0,246.5664922692754,False,,432,formal_sv_d128_v21_full2500_run001,a75365e912a5cbfa32c2858cf5db8ccb08277cb0,True,True,False,False,True,True,False,,,,6385.73859375,62137439.35136544,not_evaluated_no_matched_blank,,,False,direct_candidate_supported,mentor_assessability_not_assessable,156701865429.65872,31749.999999999996,31750.0,True,True,True,,source_qc_failed,0.0,500.0,63.5,241.91794692363445,246.91794692363445,190.5,209.6044776119403,True,True,117446.0,True,True,False,148.10914121539872,20561734151.719078,396793444582.8143,156701865429.65872,,not_assessable
flow03,446,447,arrays/flow03/frame_446.npz,3.oct,3.oct-Flow_ed.dcm,tracking/flow03/flow03_mentor_tracking.csv,128.0,3,12.7,6.7,,,,,,3,,,,,ee3012c04be0d02289520a34409d0855a3e5ca58,whole_volume,,0,197.0,195.0,True,False,accepted,2,high_confidence,not_assessable,243.00227124728005,245.5,6.0,245.5975965048687,False,,446,formal_sv_d128_v21_full2500_run001,a75365e912a5cbfa32c2858cf5db8ccb08277cb0,True,True,False,False,True,True,False,,,,7663.7505078125005,55106693.15924381,not_evaluated_no_matched_blank,,,False,direct_candidate_supported,mentor_assessability_not_assessable,466127528680.26495,38099.99999999999,38099.99999999999,True,True,True,,source_qc_failed,0.0,500.0,76.19999999999999,240.00227124728005,246.00227124728005,194.5,213.6044776119403,True,True,112931.0,True,True,False,24.400471433561986,31209716069.670715,422323947683.0224,466127528680.2648,,not_assessable
flow03,447,448,arrays/flow03/frame_447.npz,3.oct,3.oct-Flow_ed.dcm,tracking/flow03/flow03_mentor_tracking.csv,128.0,3,12.7,6.7,,,,,,3,,,,,ee3012c04be0d02289520a34409d0855a3e5ca58,whole_volume,,0,196.0,195.0,True,False,accepted,2,high_confidence,not_assessable,244.44004070953935,245.0,5.0,245.3847852115801,False,,447,formal_sv_d128_v21_full2500_run001,a75365e912a5cbfa32c2858cf5db8ccb08277cb0,True,True,False,False,True,True,False,,,,6387.4005078125,255039055.57637826,not_evaluated_no_matched_blank,,,False,direct_candidate_supported,mentor_assessability_not_assessable,361888970153.4725,31749.999999999996,31750.0,True,True,True,,source_qc_failed,0.0,500.0,63.5,241.94004070953935,246.94004070953935,194.5,213.6044776119403,True,True,118613.0,True,True,False,71.74348923521248,20063467947.535503,1629036593100.5789,361888970153.4726,,not_assessable
flow03,448,449,arrays/flow03/frame_448.npz,3.oct,3.oct-Flow_ed.dcm,tracking/flow03/flow03_mentor_tracking.csv,128.0,3,12.7,6.7,,,,,,3,,,,,ee3012c04be0d02289520a34409d0855a3e5ca58,whole_volume,,0,195.0,195.0,True,False,accepted,2,high_confidence,uncertain,245.0842899325769,245.0,11.0,245.1337033522653,False,,448,formal_sv_d128_v21_full2500_run001,a75365e912a5cbfa32c2858cf5db8ccb08277cb0,True,True,False,False,True,True,False,,,,14043.83859375,127221855.96337798,not_evaluated_no_matched_blank,,,False,direct_candidate_supported,mentor_assessability_uncertain,222355408930.37146,69850.0,69850.0,True,True,True,,source_qc_failed,0.0,500.0,139.7,239.5842899325769,250.5842899325769,194.5,213.6044776119403,True,True,133396.0,True,True,False,39.779086462696334,11215939645.33701,1786683210746.9915,222355408930.3714,,uncertain
flow03,449,450,arrays/flow03/frame_449.npz,3.oct,3.oct-Flow_ed.dcm,tracking/flow03/flow03_mentor_tracking.csv,128.0,3,12.7,6.7,,,,,,3,,,,,ee3012c04be0d02289520a34409d0855a3e5ca58,whole_volume,,0,195.0,195.0,True,False,accepted,2,high_confidence,not_assessable,244.10379166590369,244.0,5.0,244.86921159994213,False,,449,formal_sv_d128_v21_full2500_run001,a75365e912a5cbfa32c2858cf5db8ccb08277cb0,True,True,False,False,True,True,False,,,,6385.073828125001,148093441.8578557,not_evaluated_no_matched_blank,,,False,direct_candidate_supported,mentor_assessability_not_assessable,211878289265.38223,31749.999999999996,31750.0,True,True,True,,source_qc_failed,0.0,500.0,63.5,241.60379166590369,246.60379166590369,194.5,213.6044776119403,True,True,128151.0,True,True,False,75.09167032975616,12274894638.584055,945587559723.5459,211878289265.38223,,not_assessable
flow03,452,453,arrays/flow03/frame_452.npz,3.oct,3.oct-Flow_ed.dcm,tracking/flow03/flow03_mentor_tracking.csv,128.0,3,12.7,6.7,,,,,,3,,,,,ee3012c04be0d02289520a34409d0855a3e5ca58,whole_volume,,0,190.0,196.0,False,True,rejected_continuity,2,model_assisted,uncertain,241.95893901819863,244.5,6.0,244.27386299334827,False,,452,formal_sv_d128_v21_full2500_run001,a75365e912a5cbfa32c2858cf5db8ccb08277cb0,True,True,False,False,True,True,False,,,,7661.091445312501,122587729.20019399,not_evaluated_no_matched_blank,,,False,short_gap_assisted,mentor_assessability_uncertain,573992071169.4274,38099.99999999999,38099.99999999999,True,True,True,,source_qc_failed,0.0,500.0,76.19999999999999,238.95893901819863,244.95893901819863,195.5,214.6044776119403,True,True,117522.0,True,True,False,403.1447067924316,11205689484.487925,939155803475.8916,573992071169.4272,,uncertain
flow05,46,47,arrays/flow05/frame_046.npz,5.oct,5.oct-Flow_ed.dcm,tracking/flow05/flow05_mentor_tracking.csv,128.0,5,12.7,6.7,,,,,,3,,,,,ee3012c04be0d02289520a34409d0855a3e5ca58,whole_volume,,0,205.0,,False,False,rejected_continuity,-1,failed,not_assessable,,,,234.98526421351912,False,,46,formal_sv_d128_v21_full2500_run001,be3cbcc68679aef019875869fe00423553dda69e,True,True,False,False,False,False,False,,,,,,not_evaluated_no_matched_blank,,,False,missing,,,,,,,,,no_reliable_z_geometry,,,,,,,,,,,,,,,,,,,not_assessable
flow05,47,48,arrays/flow05/frame_047.npz,5.oct,5.oct-Flow_ed.dcm,tracking/flow05/flow05_mentor_tracking.csv,128.0,5,12.7,6.7,,,,,,3,,,,,ee3012c04be0d02289520a34409d0855a3e5ca58,whole_volume,,0,199.0,,False,False,rejected_continuity,-1,failed,not_assessable,,,,234.99400509156683,False,,47,formal_sv_d128_v21_full2500_run001,be3cbcc68679aef019875869fe00423553dda69e,True,True,False,False,False,False,False,,,,,,not_evaluated_no_matched_blank,,,False,missing,,,,,,,,,no_reliable_z_geometry,,,,,,,,,,,,,,,,,,,not_assessable
flow05,48,49,arrays/flow05/frame_048.npz,5.oct,5.oct-Flow_ed.dcm,tracking/flow05/flow05_mentor_tracking.csv,128.0,5,12.7,6.7,,,,,,3,,,,,ee3012c04be0d02289520a34409d0855a3e5ca58,whole_volume,,0,198.0,,False,False,rejected_continuity,-1,failed,not_assessable,,,,234.99780386150715,False,,48,formal_sv_d128_v21_full2500_run001,be3cbcc68679aef019875869fe00423553dda69e,True,True,False,False,False,False,False,,,,,,not_evaluated_no_matched_blank,,,False,missing,,,,,,,,,no_reliable_z_geometry,,,,,,,,,,,,,,,,,,,not_assessable
flow05,49,50,arrays/flow05/frame_049.npz,5.oct,5.oct-Flow_ed.dcm,tracking/flow05/flow05_mentor_tracking.csv,128.0,5,12.7,6.7,,,,,,3,,,,,ee3012c04be0d02289520a34409d0855a3e5ca58,whole_volume,,0,198.0,,False,False,rejected_continuity,-1,failed,not_assessable,,,,234.99928118628551,False,,49,formal_sv_d128_v21_full2500_run001,be3cbcc68679aef019875869fe00423553dda69e,True,True,False,False,False,False,False,,,,,,not_evaluated_no_matched_blank,,,False,missing,,,,,,,,,no_reliable_z_geometry,,,,,,,,,,,,,,,,,,,not_assessable
flow05,50,51,arrays/flow05/frame_050.npz,5.oct,5.oct-Flow_ed.dcm,tracking/flow05/flow05_mentor_tracking.csv,128.0,5,12.7,6.7,,,,,,3,,,,,ee3012c04be0d02289520a34409d0855a3e5ca58,whole_volume,,0,,,False,False,no_candidate,-1,failed,not_assessable,,,,234.99979529389137,False,,50,formal_sv_d128_v21_full2500_run001,be3cbcc68679aef019875869fe00423553dda69e,True,True,False,False,False,False,False,,,,,,not_evaluated_no_matched_blank,,,False,missing,,,,,,,,,no_reliable_z_geometry,,,,,,,,,,,,,,,,,,,not_assessable
flow05,51,52,arrays/flow05/frame_051.npz,5.oct,5.oct-Flow_ed.dcm,tracking/flow05/flow05_mentor_tracking.csv,128.0,5,12.7,6.7,,,,,,3,,,,,ee3012c04be0d02289520a34409d0855a3e5ca58,whole_volume,,0,199.0,,False,False,rejected_continuity,-1,failed,not_assessable,,,,234.99995538865724,False,,51,formal_sv_d128_v21_full2500_run001,be3cbcc68679aef019875869fe00423553dda69e,True,True,False,False,False,False,False,,,,,,not_evaluated_no_matched_blank,,,False,missing,,,,,,,,,no_reliable_z_geometry,,,,,,,,,,,,,,,,,,,not_assessable
flow05,278,279,arrays/flow05/frame_278.npz,5.oct,5.oct-Flow_ed.dcm,tracking/flow05/flow05_mentor_tracking.csv,128.0,5,12.7,6.7,,,,,,3,,,,,ee3012c04be0d02289520a34409d0855a3e5ca58,whole_volume,,0,195.0,196.0,True,False,accepted,1,high_confidence,uncertain,242.4837871121123,240.5,6.0,240.09883126787304,False,,278,formal_sv_d128_v21_full2500_run001,be3cbcc68679aef019875869fe00423553dda69e,True,True,False,False,True,True,False,,,,7661.423828125,52457260.419915095,not_evaluated_no_matched_blank,,,False,direct_candidate_supported,mentor_assessability_uncertain,15068194665.783337,38099.99999999999,38099.99999999999,True,True,True,,source_qc_failed,0.0,500.0,76.19999999999999,239.4837871121123,245.4837871121123,195.5,214.6044776119403,True,True,121567.0,True,True,False,35.826895245288604,3859501072.5601654,401897304939.29596,15068194665.78335,,uncertain
flow05,300,301,arrays/flow05/frame_300.npz,5.oct,5.oct-Flow_ed.dcm,tracking/flow05/flow05_mentor_tracking.csv,128.0,5,12.7,6.7,,,,,,3,,,,,ee3012c04be0d02289520a34409d0855a3e5ca58,whole_volume,,0,193.0,193.0,True,False,accepted,1,high_confidence,uncertain,242.17257833740777,242.5,8.0,242.0059949084332,False,,300,formal_sv_d128_v21_full2500_run001,be3cbcc68679aef019875869fe00423553dda69e,True,True,False,False,True,True,False,,,,10216.4505078125,110946462.99415073,not_evaluated_no_matched_blank,,,False,direct_candidate_supported,mentor_assessability_uncertain,637192194262.7991,50799.99999999999,50800.0,True,True,True,,source_qc_failed,0.0,500.0,101.6,238.17257833740777,246.17257833740777,192.5,211.6044776119403,True,True,109716.0,True,True,False,42.32161611734372,723526518.1482435,1133479048196.592,637192194262.7991,,uncertain
flow05,307,308,arrays/flow05/frame_307.npz,5.oct,5.oct-Flow_ed.dcm,tracking/flow05/flow05_mentor_tracking.csv,128.0,5,12.7,6.7,,,,,,3,,,,,ee3012c04be0d02289520a34409d0855a3e5ca58,whole_volume,,0,195.0,193.0,True,False,accepted,1,high_confidence,uncertain,240.43721596651645,243.0,9.0,242.4335077307246,False,,307,formal_sv_d128_v21_full2500_run001,be3cbcc68679aef019875869fe00423553dda69e,True,True,False,False,True,True,False,,,,11495.791953125,147547689.47686666,not_evaluated_no_matched_blank,,,False,direct_candidate_supported,mentor_assessability_uncertain,620847671935.9598,57149.99999999999,57150.0,True,True,True,,source_qc_failed,0.0,500.0,114.3,235.93721596651645,244.93721596651645,192.5,211.6044776119403,True,True,111748.0,True,True,False,20.551360428615666,4585464243.245307,1696177541390.35,620847671935.9597,,uncertain
flow07,39,40,arrays/flow07/frame_039.npz,7.oct,7.oct-Flow_ed.dcm,tracking/flow07/flow07_mentor_tracking.csv,128.0,7,12.7,6.7,,,,,,3,,,,,ee3012c04be0d02289520a34409d0855a3e5ca58,whole_volume,,0,213.0,211.0,True,False,accepted,0,model_assisted,uncertain,233.1534285455564,231.5,8.0,230.9947239052813,False,,39,formal_sv_d128_v21_full2500_run001,e43a2a2ce0de3f5e88757d5c4b10d0ff9d1e45ac,True,True,False,False,True,True,False,,,,10208.805703125001,112473197.67118166,not_evaluated_no_matched_blank,,,False,direct_candidate_supported,mentor_assessability_uncertain,459731908733.5536,50799.99999999999,50800.0,True,True,True,,source_qc_failed,0.0,500.0,101.6,229.1534285455564,237.1534285455564,210.5,229.6044776119403,True,True,118671.0,True,True,False,97.4063409738521,4861819306.571059,1148217021834.265,459731908733.5535,,uncertain
flow07,41,42,arrays/flow07/frame_041.npz,7.oct,7.oct-Flow_ed.dcm,tracking/flow07/flow07_mentor_tracking.csv,128.0,7,12.7,6.7,,,,,,3,,,,,ee3012c04be0d02289520a34409d0855a3e5ca58,whole_volume,,0,210.0,211.0,True,False,accepted,0,high_confidence,uncertain,231.706622091854,231.5,6.0,231.0052760947187,False,,41,formal_sv_d128_v21_full2500_run001,e43a2a2ce0de3f5e88757d5c4b10d0ff9d1e45ac,True,True,False,False,True,True,False,,,,7661.091445312501,143323390.33304867,not_evaluated_no_matched_blank,,,False,direct_candidate_supported,mentor_assessability_uncertain,599748387504.5354,38099.99999999999,38099.99999999999,True,True,True,,source_qc_failed,0.0,500.0,76.19999999999999,228.706622091854,234.706622091854,210.5,229.6044776119403,True,True,116419.0,True,True,False,37.250939582108124,4952357539.635259,1098013599593.7035,599748387504.5354,,uncertain
flow07,146,147,arrays/flow07/frame_146.npz,7.oct,7.oct-Flow_ed.dcm,tracking/flow07/flow07_mentor_tracking.csv,128.0,7,12.7,6.7,,,,,,3,,,,,ee3012c04be0d02289520a34409d0855a3e5ca58,whole_volume,,0,203.0,204.0,True,False,accepted,0,high_confidence,uncertain,236.16713846129596,234.5,8.0,234.0658932750926,False,,146,formal_sv_d128_v21_full2500_run001,e43a2a2ce0de3f5e88757d5c4b10d0ff9d1e45ac,True,True,False,False,True,True,False,,,,10215.1209765625,262279902.29496068,not_evaluated_no_matched_blank,,,False,direct_candidate_supported,mentor_assessability_uncertain,1177776664986.388,50799.99999999999,50800.0,True,True,True,,source_qc_failed,0.0,500.0,101.6,232.16713846129596,240.16713846129596,203.5,222.6044776119403,True,True,112027.0,True,True,False,106.02946501086483,3141673199.9031596,2679220931664.016,1177776664986.3875,,uncertain
flow07,178,179,arrays/flow07/frame_178.npz,7.oct,7.oct-Flow_ed.dcm,tracking/flow07/flow07_mentor_tracking.csv,128.0,7,12.7,6.7,,,,,,3,,,,,ee3012c04be0d02289520a34409d0855a3e5ca58,whole_volume,,0,200.0,202.0,False,True,rejected_continuity,0,model_assisted,uncertain,236.8654563563135,235.5,8.0,236.0059949084332,False,,178,formal_sv_d128_v21_full2500_run001,e43a2a2ce0de3f5e88757d5c4b10d0ff9d1e45ac,True,True,False,False,True,True,False,,,,10216.4505078125,179020829.5021489,not_evaluated_no_matched_blank,,,False,short_gap_assisted,mentor_assessability_uncertain,1271338189586.1392,50799.99999999999,50800.0,True,True,True,,source_qc_failed,0.0,500.0,101.6,232.8654563563135,240.8654563563135,201.5,220.6044776119403,True,True,113509.0,True,True,False,4.287175804285629,2778434716.836534,1828957444476.2441,1271338189586.1392,,uncertain
flow07,427,428,arrays/flow07/frame_427.npz,7.oct,7.oct-Flow_ed.dcm,tracking/flow07/flow07_mentor_tracking.csv,128.0,7,12.7,6.7,,,,,,3,,,,,ee3012c04be0d02289520a34409d0855a3e5ca58,whole_volume,,0,197.0,196.0,True,False,accepted,0,high_confidence,uncertain,243.19534906414555,245.0,11.0,244.99780386150715,False,,427,formal_sv_d128_v21_full2500_run001,e43a2a2ce0de3f5e88757d5c4b10d0ff9d1e45ac,True,True,False,False,True,True,False,,,,14049.15671875,131314026.755131,not_evaluated_no_matched_blank,,,False,direct_candidate_supported,mentor_assessability_uncertain,1439144992542.8406,69850.0,69850.0,True,True,True,,source_qc_failed,0.0,500.0,139.7,237.69534906414555,248.69534906414555,195.5,214.6044776119403,True,True,107326.0,True,True,False,48.28341748632524,1448250670.1304073,1844851341252.966,1439144992542.8403,,uncertain
flow07,428,429,arrays/flow07/frame_428.npz,7.oct,7.oct-Flow_ed.dcm,tracking/flow07/flow07_mentor_tracking.csv,128.0,7,12.7,6.7,,,,,,3,,,,,ee3012c04be0d02289520a34409d0855a3e5ca58,whole_volume,,0,195.0,196.0,True,False,accepted,0,high_confidence,uncertain,241.34799132189457,244.5,8.0,244.99928118628551,False,,428,formal_sv_d128_v21_full2500_run001,e43a2a2ce0de3f5e88757d5c4b10d0ff9d1e45ac,True,True,False,False,True,True,False,,,,10210.4676171875,109727413.70700008,not_evaluated_no_matched_blank,,,False,direct_candidate_supported,mentor_assessability_uncertain,868653932424.3452,50799.99999999999,50800.0,True,True,True,,source_qc_failed,0.0,500.0,101.6,237.34799132189457,245.34799132189457,195.5,214.6044776119403,True,True,116248.0,True,True,False,23.993946267905475,1627384479.5928276,1120368204373.06,868653932424.3452,,uncertain
flow07,499,500,arrays/flow07/frame_499.npz,7.oct,7.oct-Flow_ed.dcm,tracking/flow07/flow07_mentor_tracking.csv,128.0,7,12.7,6.7,,,,,,3,,,,,ee3012c04be0d02289520a34409d0855a3e5ca58,rear,,0,191.0,,False,False,rejected_continuity,-1,failed,not_assessable,,,,246.6922902527357,False,,499,formal_sv_d128_v21_full2500_run001,e43a2a2ce0de3f5e88757d5c4b10d0ff9d1e45ac,True,True,False,False,False,False,False,,,,,,not_evaluated_no_matched_blank,,,False,missing,,,,,,,,,no_reliable_z_geometry,,,,,,,,,,,,,,,,,,,not_assessable
flow10,222,223,arrays/flow10/frame_222.npz,10.oct,10.oct-Flow_ed.dcm,tracking/flow10/flow10_mentor_tracking.csv,128.0,10,12.7,6.7,,,,,,3,,,,,ee3012c04be0d02289520a34409d0855a3e5ca58,whole_volume,,0,186.0,195.0,False,True,rejected_continuity,0,model_assisted,uncertain,241.218789780178,241.0,11.0,241.12060946468108,False,,222,formal_sv_d128_v21_full2500_run001,e43a2a2ce0de3f5e88757d5c4b10d0ff9d1e45ac,True,True,False,False,True,True,False,,,,14040.8471484375,128584907.05315535,not_evaluated_no_matched_blank,,,False,short_gap_assisted,mentor_assessability_uncertain,1162527990348.56,69850.0,69850.0,True,True,True,,source_qc_failed,0.0,500.0,139.7,235.718789780178,246.718789780178,194.5,213.6044776119403,True,True,109609.0,True,True,False,224.45824589780145,2873661471.073916,1805441025529.3972,1162527990348.5598,,uncertain
flow10,275,276,arrays/flow10/frame_275.npz,10.oct,10.oct-Flow_ed.dcm,tracking/flow10/flow10_mentor_tracking.csv,128.0,10,12.7,6.7,,,,,,3,,,,,ee3012c04be0d02289520a34409d0855a3e5ca58,whole_volume,,0,196.0,194.0,True,False,accepted,0,high_confidence,uncertain,242.8946540341971,241.5,4.0,242.0009235198232,False,,275,formal_sv_d128_v21_full2500_run001,e43a2a2ce0de3f5e88757d5c4b10d0ff9d1e45ac,True,True,False,False,True,True,False,,,,5106.397148437501,70852855.21534444,not_evaluated_no_matched_blank,,,False,direct_candidate_supported,mentor_assessability_uncertain,33769745457.376625,25399.999999999996,25400.0,True,True,True,,source_qc_failed,0.0,500.0,50.8,240.8946540341971,244.8946540341971,193.5,212.6044776119403,True,True,115009.0,True,True,False,58.80444492771759,1080952405.8928263,361802817830.29,33769745457.37664,,uncertain
flow10,425,426,arrays/flow10/frame_425.npz,10.oct,10.oct-Flow_ed.dcm,tracking/flow10/flow10_mentor_tracking.csv,128.0,10,12.7,6.7,,,,,,3,,,,,ee3012c04be0d02289520a34409d0855a3e5ca58,whole_volume,,0,195.0,,False,False,rejected_continuity,-1,failed,not_assessable,,,,247.3077097472643,False,,425,formal_sv_d128_v21_full2500_run001,e43a2a2ce0de3f5e88757d5c4b10d0ff9d1e45ac,True,True,False,False,False,False,False,,,,,,not_evaluated_no_matched_blank,,,False,missing,,,,,,,,,no_reliable_z_geometry,,,,,,,,,,,,,,,,,,,not_assessable
flow10,426,427,arrays/flow10/frame_426.npz,10.oct,10.oct-Flow_ed.dcm,tracking/flow10/flow10_mentor_tracking.csv,128.0,10,12.7,6.7,,,,,,3,,,,,ee3012c04be0d02289520a34409d0855a3e5ca58,whole_volume,,0,191.0,,False,False,rejected_continuity,-1,failed,not_assessable,,,,247.4335077307246,False,,426,formal_sv_d128_v21_full2500_run001,e43a2a2ce0de3f5e88757d5c4b10d0ff9d1e45ac,True,True,False,False,False,False,False,,,,,,not_evaluated_no_matched_blank,,,False,missing,,,,,,,,,no_reliable_z_geometry,,,,,,,,,,,,,,,,,,,not_assessable
flow10,427,428,arrays/flow10/frame_427.npz,10.oct,10.oct-Flow_ed.dcm,tracking/flow10/flow10_mentor_tracking.csv,128.0,10,12.7,6.7,,,,,,3,,,,,ee3012c04be0d02289520a34409d0855a3e5ca58,whole_volume,,0,192.0,,False,False,rejected_continuity,-1,failed,not_assessable,,,,247.5664922692754,False,,427,formal_sv_d128_v21_full2500_run001,e43a2a2ce0de3f5e88757d5c4b10d0ff9d1e45ac,True,True,False,False,False,False,False,,,,,,not_evaluated_no_matched_blank,,,False,missing,,,,,,,,,no_reliable_z_geometry,,,,,,,,,,,,,,,,,,,not_assessable
flow10,428,429,arrays/flow10/frame_428.npz,10.oct,10.oct-Flow_ed.dcm,tracking/flow10/flow10_mentor_tracking.csv,128.0,10,12.7,6.7,,,,,,3,,,,,ee3012c04be0d02289520a34409d0855a3e5ca58,whole_volume,,0,192.0,,False,False,rejected_continuity,-1,failed,not_assessable,,,,247.6922902527357,False,,428,formal_sv_d128_v21_full2500_run001,e43a2a2ce0de3f5e88757d5c4b10d0ff9d1e45ac,True,True,False,False,False,False,False,,,,,,not_evaluated_no_matched_blank,,,False,missing,,,,,,,,,no_reliable_z_geometry,,,,,,,,,,,,,,,,,,,not_assessable
flow10,429,430,arrays/flow10/frame_429.npz,10.oct,10.oct-Flow_ed.dcm,tracking/flow10/flow10_mentor_tracking.csv,128.0,10,12.7,6.7,,,,,,3,,,,,ee3012c04be0d02289520a34409d0855a3e5ca58,whole_volume,,0,192.0,,False,False,rejected_continuity,-1,failed,not_assessable,,,,247.79877594676296,False,,429,formal_sv_d128_v21_full2500_run001,e43a2a2ce0de3f5e88757d5c4b10d0ff9d1e45ac,True,True,False,False,False,False,False,,,,,,not_evaluated_no_matched_blank,,,False,missing,,,,,,,,,no_reliable_z_geometry,,,,,,,,,,,,,,,,,,,not_assessable
flow10,430,431,arrays/flow10/frame_430.npz,10.oct,10.oct-Flow_ed.dcm,tracking/flow10/flow10_mentor_tracking.csv,128.0,10,12.7,6.7,,,,,,3,,,,,ee3012c04be0d02289520a34409d0855a3e5ca58,whole_volume,,0,183.0,,False,False,rejected_continuity,-1,failed,not_assessable,,,,247.87943514666176,False,,430,formal_sv_d128_v21_full2500_run001,e43a2a2ce0de3f5e88757d5c4b10d0ff9d1e45ac,True,True,False,False,False,False,False,,,,,,not_evaluated_no_matched_blank,,,False,missing,,,,,,,,,no_reliable_z_geometry,,,,,,,,,,,,,,,,,,,not_assessable
flow10,431,432,arrays/flow10/frame_431.npz,10.oct,10.oct-Flow_ed.dcm,tracking/flow10/flow10_mentor_tracking.csv,128.0,10,12.7,6.7,,,,,,3,,,,,ee3012c04be0d02289520a34409d0855a3e5ca58,whole_volume,,0,,,False,False,no_candidate,-1,failed,not_assessable,,,,247.9341067249074,False,,431,formal_sv_d128_v21_full2500_run001,e43a2a2ce0de3f5e88757d5c4b10d0ff9d1e45ac,True,True,False,False,False,False,False,,,,,,not_evaluated_no_matched_blank,,,False,missing,,,,,,,,,no_reliable_z_geometry,,,,,,,,,,,,,,,,,,,not_assessable
flow10,432,433,arrays/flow10/frame_432.npz,10.oct,10.oct-Flow_ed.dcm,tracking/flow10/flow10_mentor_tracking.csv,128.0,10,12.7,6.7,,,,,,3,,,,,ee3012c04be0d02289520a34409d0855a3e5ca58,whole_volume,,0,193.0,,False,False,pending_relock,-1,failed,not_assessable,,,,247.96726671332823,False,,432,formal_sv_d128_v21_full2500_run001,e43a2a2ce0de3f5e88757d5c4b10d0ff9d1e45ac,True,True,False,False,False,False,False,,,,,,not_evaluated_no_matched_blank,,,False,missing,,,,,,,,,no_reliable_z_geometry,,,,,,,,,,,,,,,,,,,not_assessable
flow10,433,434,arrays/flow10/frame_433.npz,10.oct,10.oct-Flow_ed.dcm,tracking/flow10/flow10_mentor_tracking.csv,128.0,10,12.7,6.7,,,,,,3,,,,,ee3012c04be0d02289520a34409d0855a3e5ca58,whole_volume,,0,190.0,,False,False,pending_relock,-1,failed,not_assessable,,,,247.98526421351917,False,,433,formal_sv_d128_v21_full2500_run001,e43a2a2ce0de3f5e88757d5c4b10d0ff9d1e45ac,True,True,False,False,False,False,False,,,,,,not_evaluated_no_matched_blank,,,False,missing,,,,,,,,,no_reliable_z_geometry,,,,,,,,,,,,,,,,,,,not_assessable
flow10,434,435,arrays/flow10/frame_434.npz,10.oct,10.oct-Flow_ed.dcm,tracking/flow10/flow10_mentor_tracking.csv,128.0,10,12.7,6.7,,,,,,3,,,,,ee3012c04be0d02289520a34409d0855a3e5ca58,whole_volume,,0,190.0,,False,False,pending_relock,-1,failed,not_assessable,,,,247.99400509156683,False,,434,formal_sv_d128_v21_full2500_run001,e43a2a2ce0de3f5e88757d5c4b10d0ff9d1e45ac,True,True,False,False,False,False,False,,,,,,not_evaluated_no_matched_blank,,,False,missing,,,,,,,,,no_reliable_z_geometry,,,,,,,,,,,,,,,,,,,not_assessable
flow10,435,436,arrays/flow10/frame_435.npz,10.oct,10.oct-Flow_ed.dcm,tracking/flow10/flow10_mentor_tracking.csv,128.0,10,12.7,6.7,,,,,,3,,,,,ee3012c04be0d02289520a34409d0855a3e5ca58,whole_volume,,0,183.0,,False,False,pending_relock,-1,failed,not_assessable,,,,247.99780386150712,False,,435,formal_sv_d128_v21_full2500_run001,e43a2a2ce0de3f5e88757d5c4b10d0ff9d1e45ac,True,True,False,False,False,False,False,,,,,,not_evaluated_no_matched_blank,,,False,missing,,,,,,,,,no_reliable_z_geometry,,,,,,,,,,,,,,,,,,,not_assessable
flow10,436,437,arrays/flow10/frame_436.npz,10.oct,10.oct-Flow_ed.dcm,tracking/flow10/flow10_mentor_tracking.csv,128.0,10,12.7,6.7,,,,,,3,,,,,ee3012c04be0d02289520a34409d0855a3e5ca58,whole_volume,,0,191.0,,False,False,pending_relock,-1,failed,not_assessable,,,,247.99928118628551,False,,436,formal_sv_d128_v21_full2500_run001,e43a2a2ce0de3f5e88757d5c4b10d0ff9d1e45ac,True,True,False,False,False,False,False,,,,,,not_evaluated_no_matched_blank,,,False,missing,,,,,,,,,no_reliable_z_geometry,,,,,,,,,,,,,,,,,,,not_assessable
flow10,437,438,arrays/flow10/frame_437.npz,10.oct,10.oct-Flow_ed.dcm,tracking/flow10/flow10_mentor_tracking.csv,128.0,10,12.7,6.7,,,,,,3,,,,,ee3012c04be0d02289520a34409d0855a3e5ca58,whole_volume,,0,183.0,,False,False,pending_relock,-1,failed,not_assessable,,,,247.9997952938913,False,,437,formal_sv_d128_v21_full2500_run001,e43a2a2ce0de3f5e88757d5c4b10d0ff9d1e45ac,True,True,False,False,False,False,False,,,,,,not_evaluated_no_matched_blank,,,False,missing,,,,,,,,,no_reliable_z_geometry,,,,,,,,,,,,,,,,,,,not_assessable
flow10,438,439,arrays/flow10/frame_438.npz,10.oct,10.oct-Flow_ed.dcm,tracking/flow10/flow10_mentor_tracking.csv,128.0,10,12.7,6.7,,,,,,3,,,,,ee3012c04be0d02289520a34409d0855a3e5ca58,whole_volume,,0,183.0,,False,False,pending_relock,-1,failed,not_assessable,,,,247.99995538865724,False,,438,formal_sv_d128_v21_full2500_run001,e43a2a2ce0de3f5e88757d5c4b10d0ff9d1e45ac,True,True,False,False,False,False,False,,,,,,not_evaluated_no_matched_blank,,,False,missing,,,,,,,,,no_reliable_z_geometry,,,,,,,,,,,,,,,,,,,not_assessable
