"file","bytes","sha256"
"arrays/flow01_Bscan000_SV_Rectangle_v1_surface_z176_pilot.mat","6719050","3419604e042be7db1caa5609541e01ac3ed0082f9247d8c5b008474842c25f99"
"arrays/flow01_Bscan249_SV_Rectangle_v1_surface_z176_pilot.mat","6717186","6128cbd768ad0ba7374321fc9d96d4354657d372506554b3d98026f632d64c23"
"arrays/flow01_Bscan499_SV_Rectangle_v1_surface_z176_pilot.mat","6716502","0b2523ec4e4a28d04457fe867a649990a422c38f80f57266d21ffd79a2d52853"
"arrays/flow03_Bscan000_SV_Rectangle_v1_surface_z176_pilot.mat","6718072","b5b8227a0ac514e1280b8a4ee686289ac8b2d3f324b6c71fc96ac9d6ada074f3"
"arrays/flow03_Bscan249_SV_Rectangle_v1_surface_z176_pilot.mat","6716852","58d3d16c1abdbba4fe8c1e8efa96d0a67ae115cfd4b9e60cb368d59fd63888e2"
"arrays/flow03_Bscan499_SV_Rectangle_v1_surface_z176_pilot.mat","6715736","de203af49c11c024d4bd7ae6f4575152e0ed3b752c907f2c5f580cc6f11870ea"
"arrays/flow05_Bscan000_SV_Rectangle_v1_surface_z176_pilot.mat","6718686","7fa14b4901a90bcf7ef5339fdb5afde5adc0f6b983dde03d9ad18ce10883b6e0"
"arrays/flow05_Bscan249_SV_Rectangle_v1_surface_z176_pilot.mat","6716721","f280076eb51a4ba3467770c2e3bc2fef54eae318c99d39627d625d14abd90023"
"arrays/flow05_Bscan499_SV_Rectangle_v1_surface_z176_pilot.mat","6716041","0a36c9f64f80287e244f7e6e44db4b07b5e863a0f3cf586d61d8a5021122fee5"
"arrays/flow07_Bscan000_SV_Rectangle_v1_surface_z176_pilot.mat","6718872","85e1bc5b3bdb584be3596849d5dc43c74c4e341d3e3665f79676db6474d4b090"
"arrays/flow07_Bscan249_SV_Rectangle_v1_surface_z176_pilot.mat","6717222","edf0dd5bcc6268f6815a932ae7a45c4642602cc8690f06fe9d3ccafd5d18405d"
"arrays/flow07_Bscan499_SV_Rectangle_v1_surface_z176_pilot.mat","6715711","d3f6fe96603810eb337ccec64644e1abbcd9a92080c0254e8488b1c64234f700"
"arrays/flow10_Bscan000_SV_Rectangle_v1_surface_z176_pilot.mat","6718604","f41343150497c0516b1eb165daef69805fa3f6dcf8dc894931b9dba5bc064623"
"arrays/flow10_Bscan249_SV_Rectangle_v1_surface_z176_pilot.mat","6716779","5a6116f02ac2947b890c61ebb40a177dcaae01af6ba4a1136be29382cd4f02e1"
"arrays/flow10_Bscan499_SV_Rectangle_v1_surface_z176_pilot.mat","6716201","d5487c60f8ce0a07f00d3e785d61f4ab966da0327b413203f39908dcad44a1cb"
