scan_id,z_index_0based,z_um,r_um,distance_from_vessel_bottom_um,V,B_left,B_right,B,B_standard_deviation,B_median_diagnostic,B_scaled_mad_diagnostic,background_mode,T,P,tail_z_fraction,background_left_valid_count,background_right_valid_count,region,validity,frame_id,bscan_index,flow_speed_mm_s
flow01,0,0.0,-1464.65,-1464.65,4124302.153495445,4679644.549631279,2338111.323041932,3508877.9363366053,3851489.140897566,2463299.748470357,1978154.3289533653,bilateral,615424.2171588396,101606538.25292431,0.0,5,5,other,valid,flow01_Bscan249,249,1.0
flow01,1,6.7,-1457.95,-1457.95,4553193.473105581,3360971.8532200768,5195630.336590114,4278301.094905096,5396846.05670719,2337417.970537657,3062250.868334001,bilateral,274892.37820048444,45384731.640899874,0.0,5,5,other,valid,flow01_Bscan249,249,1.0
flow01,2,13.4,-1451.25,-1451.25,3655818.5307388227,7628034.21948428,3494958.1945321737,5561496.207008228,6481592.952561566,3845738.023849223,1769246.112241157,bilateral,-1905677.676269405,-314627384.3520788,0.0,5,5,other,valid,flow01_Bscan249,249,1.0
flow01,3,20.1,-1444.55,-1444.55,5028611.623797355,5496859.880220416,1707316.742440238,3602088.3113303273,2456688.1778578795,3281745.1216993816,3171861.222897384,bilateral,1426523.312467028,235518998.88830632,0.0,5,5,other,valid,flow01_Bscan249,249,1.0
flow01,4,26.8,-1437.8500000000001,-1437.8500000000001,3734024.1904688096,3361728.1239788705,7507421.095865388,5434574.60992213,5038651.569733333,3093616.5895669106,1977233.6125728632,bilateral,-1700550.41945332,-280760874.2517432,0.0,5,5,other,valid,flow01_Bscan249,249,1.0
flow01,5,33.5,-1431.15,-1431.15,6437072.998275275,9166415.0269747,4472755.682722792,6819585.354848745,5559021.476924255,4715582.010286651,4149961.013806924,bilateral,-382512.35657346994,-63152790.07027993,0.0,5,5,other,valid,flow01_Bscan249,249,1.0
flow01,6,40.2,-1424.45,-1424.45,5674616.066073791,2798233.509283453,3098752.0305624586,2948492.769922956,2980056.1064447514,1549228.140911696,1373793.2143573593,bilateral,2726123.296150835,450082956.1945028,0.0,5,5,other,valid,flow01_Bscan249,249,1.0
flow01,7,46.9,-1417.75,-1417.75,4744178.79688736,5922766.8067589,5681998.010664734,5802382.408711816,2219398.86524084,5850405.308379719,1254498.7582947074,bilateral,-1058203.6118244566,-174709416.31221774,0.0,5,5,other,valid,flow01_Bscan249,249,1.0
flow01,8,53.6,-1411.05,-1411.05,3493596.797884747,5562166.017221888,4902724.478637168,5232445.247929528,3917656.8891983596,4106817.675518562,1896354.5264026595,bilateral,-1738848.4500447814,-287083879.1023934,0.0,5,5,other,valid,flow01_Bscan249,249,1.0
flow01,9,60.300000000000004,-1404.3500000000001,-1404.3500000000001,3617273.8532561283,1356246.7385235764,5773384.011336597,3564815.3749300865,4165635.905307617,2157915.8844130617,1371900.1794222791,bilateral,52458.47832604172,8660894.77162938,0.0,5,5,other,valid,flow01_Bscan249,249,1.0
flow01,10,67.0,-1397.65,-1397.65,5247391.270784171,6582355.111245211,2547535.7947576614,4564945.453001437,5446171.562835104,2099343.5822179248,1972900.852437507,bilateral,682445.8177827345,112671804.51592964,0.0,5,5,other,valid,flow01_Bscan249,249,1.0
flow01,11,73.7,-1390.95,-1390.95,5215667.86841285,2399696.9492313876,2002155.6045878534,2200926.2769096205,1618507.1084736323,2073088.4639546983,1826927.9354341498,bilateral,3014741.59150323,497733836.7571832,0.0,5,5,other,valid,flow01_Bscan249,249,1.0
flow01,12,80.4,-1384.25,-1384.25,4298109.703243685,4979014.6346559925,3489368.4351521856,4234191.53490409,3150329.0293152663,3777621.9383205175,2879725.921538081,bilateral,63918.1683395952,10552889.59286706,0.0,5,5,other,valid,flow01_Bscan249,249,1.0
flow01,13,87.10000000000001,-1377.55,-1377.55,2996321.772835751,2570874.0975583303,4224017.775895473,3397445.9367269017,3184447.699157829,1549259.897292868,1627244.1104525288,bilateral,-401124.1638911506,-66225599.45842897,0.0,5,5,other,valid,flow01_Bscan249,249,1.0
flow01,14,93.8,-1370.8500000000001,-1370.8500000000001,3664408.7469515847,1931208.1542141717,2382584.5600275276,2156896.3571208497,1477968.8279309077,1769822.805435104,1728157.043876331,bilateral,1507512.389830735,248890295.56105432,0.0,5,5,other,valid,flow01_Bscan249,249,1.0
flow01,15,100.5,-1364.15,-1364.15,4581415.741446855,6659591.2784822,902788.8375701511,3781190.058026176,4220125.820881859,1137563.394613634,1103220.2646499074,bilateral,800225.6834206786,132117260.33275416,0.0,5,5,other,valid,flow01_Bscan249,249,1.0
flow01,16,107.2,-1357.45,-1357.45,5022823.006198086,1951428.2367867746,3103191.1118216706,2527309.674304222,1681064.5564911566,1754016.2677668766,1414528.5005025482,bilateral,2495513.3318938636,412009251.09567684,0.0,5,5,other,valid,flow01_Bscan249,249,1.0
flow01,17,113.9,-1350.75,-1350.75,8759392.38307543,8428662.854389329,3675327.392370891,6051995.123380111,5583916.87504228,5485991.883307422,5342189.51044304,bilateral,2707397.2596953185,446991287.5756971,0.0,5,5,other,valid,flow01_Bscan249,249,1.0
flow01,18,120.60000000000001,-1344.05,-1344.05,4893333.233512852,2733401.026396378,6138773.354627486,4436087.190511933,3356170.8696314464,4191523.2763119787,4605646.960255756,bilateral,457246.04300091974,75491321.6994518,0.0,5,5,other,valid,flow01_Bscan249,249,1.0
flow01,19,127.3,-1337.3500000000001,-1337.3500000000001,2851192.2481889203,3912664.103058542,3653798.7929993523,3783231.448028947,2545058.5658498965,3705824.201994551,2782473.999996228,bilateral,-932039.1998400269,-153879671.89358848,0.0,5,5,other,valid,flow01_Bscan249,249,1.0
flow01,20,134.0,-1330.65,-1330.65,5897317.806485997,6224978.0507107675,2070119.314541141,4147548.682625954,5619440.242447648,1507609.5233040135,1017819.8920793246,bilateral,1749769.1238600425,288886882.3492931,0.0,5,5,other,valid,flow01_Bscan249,249,1.0
flow01,21,140.70000000000002,-1323.95,-1323.95,2985564.939224669,2477640.380321226,1791784.29105019,2134712.3356857086,2926270.4972144333,1005893.4693567889,1059110.6939422707,bilateral,850852.6035389602,140475764.84428233,0.0,5,5,other,valid,flow01_Bscan249,249,1.0
flow01,22,147.4,-1317.25,-1317.25,4717023.545414896,6001256.48981332,2806317.208288099,4403786.84905071,3169043.2084387965,3035372.185730257,1889481.3102763447,bilateral,313236.6963641858,51715378.569727086,0.0,5,5,other,valid,flow01_Bscan249,249,1.0
flow01,23,154.1,-1310.55,-1310.55,4744693.329963986,6913981.648981452,2107652.435997618,4510817.042489534,4704430.551913864,2664790.603904625,3643253.1554265344,bilateral,233876.2874744516,38612975.06203191,0.0,5,5,other,valid,flow01_Bscan249,249,1.0
flow01,24,160.8,-1303.8500000000001,-1303.8500000000001,4263012.257972019,5758043.780225107,4643361.526592733,5200702.65340892,3247693.6332182633,5295240.692888339,3412045.1334928684,bilateral,-937690.3954369016,-154812684.28663248,0.0,5,5,other,valid,flow01_Bscan249,249,1.0
flow01,25,167.5,-1297.15,-1297.15,4271783.443481059,4396579.182107155,3945228.660025449,4170903.921066302,2030009.462000682,4685352.604311222,2387197.326063062,bilateral,100879.52241475694,16655209.15067643,0.0,5,5,other,valid,flow01_Bscan249,249,1.0
flow01,26,174.20000000000002,-1290.45,-1290.45,2992791.618667812,2630077.842105301,3353646.911241493,2991862.3766733967,3845756.6356232646,982023.2317148929,1326778.2164286296,bilateral,929.2419944154099,153417.85327805512,0.0,5,5,other,valid,flow01_Bscan249,249,1.0
flow01,27,180.9,-1283.75,-1283.75,4083259.93689688,4572847.992327839,4265780.606513025,4419314.299420432,4342167.156007239,2142321.5590159995,2336519.9339584005,bilateral,-336054.36252355203,-55482575.25263842,0.0,5,5,other,valid,flow01_Bscan249,249,1.0
flow01,28,187.6,-1277.05,-1277.05,3945874.498861302,1815824.2678740737,2359876.7229032586,2087850.4953886666,2069538.0699787298,1291587.6293309643,1454789.6804914523,bilateral,1858024.0034726355,306759762.97333205,0.0,5,5,other,valid,flow01_Bscan249,249,1.0
flow01,29,194.3,-1270.35,-1270.35,5953594.932485706,1946795.344912405,6015594.469812897,3981194.907362651,4366498.242101678,2671856.8270691605,1464851.1824059712,bilateral,1972400.025123055,325643244.14781636,0.0,5,5,other,valid,flow01_Bscan249,249,1.0
flow01,30,201.0,-1263.65,-1263.65,4253011.768591553,940742.8957591774,4620672.973660445,2780707.9347098107,2773585.126867182,1603642.5665905958,1625136.0732442504,bilateral,1472303.8338817423,243077362.97387555,0.0,5,5,other,valid,flow01_Bscan249,249,1.0
flow01,31,207.70000000000002,-1256.95,-1256.95,3736981.7047856664,6134822.149616138,5519069.578003107,5826945.863809622,4712570.5999813,5115237.042436408,5275006.315883907,bilateral,-2089964.1590239555,-345053082.65485513,0.0,5,5,other,valid,flow01_Bscan249,249,1.0
flow01,32,214.4,-1250.25,-1250.25,5665674.416011221,5163816.300533926,3103958.5016627572,4133887.401098342,3649714.521259755,3070527.837250055,3380042.0003930274,bilateral,1531787.0149128786,252898036.16211644,0.0,5,5,other,valid,flow01_Bscan249,249,1.0
flow01,33,221.1,-1243.55,-1243.55,3509377.6828007516,3295455.254013148,3712561.7354573,3504008.4947352237,4006124.887022998,1792210.969887287,675523.426804212,bilateral,5369.188065527938,886452.9496185443,0.0,5,5,other,valid,flow01_Bscan249,249,1.0
flow01,34,227.8,-1236.85,-1236.85,5300658.075579066,2818329.0914548496,2822823.8903149394,2820576.4908848945,2503112.306915467,1980593.8075811234,2229862.1959263,bilateral,2480081.5846941713,409461469.6330077,0.0,5,5,other,valid,flow01_Bscan249,249,1.0
flow01,35,234.5,-1230.15,-1230.15,4377348.474299584,4435604.950778181,8904848.064614,6670226.50769609,4767579.503615063,5846456.390046129,3470236.7152037327,bilateral,-2292878.0333965067,-378554163.3137634,0.0,5,5,other,valid,flow01_Bscan249,249,1.0
flow01,36,241.20000000000002,-1223.45,-1223.45,3053411.937136281,8641147.260267232,5590821.932125275,7115984.596196254,5554942.728137202,5610395.719248342,4812576.0985382525,bilateral,-4062572.659059973,-670730746.0108013,0.0,5,5,other,valid,flow01_Bscan249,249,1.0
flow01,37,247.9,-1216.75,-1216.75,6600366.141006479,5655798.420785688,2671778.513493581,4163788.4671396343,3774940.055563478,3039234.6447134083,930674.5608250545,bilateral,2436577.6738668447,402278973.95541614,0.0,5,5,other,valid,flow01_Bscan249,249,1.0
flow01,38,254.6,-1210.05,-1210.05,3685773.9509961726,3207075.1302765706,6720624.403354918,4963849.766815743,4634004.262254546,3049154.24781925,3758201.8577019037,bilateral,-1278075.8158195708,-211010317.191811,0.0,5,5,other,valid,flow01_Bscan249,249,1.0
flow01,39,261.3,-1203.35,-1203.35,5066905.104738733,1253827.5093163014,6616212.039065938,3935019.7741911197,3836665.994755879,2756934.8987587034,3824947.4069000725,bilateral,1131885.330547613,186874268.07341084,0.0,5,5,other,valid,flow01_Bscan249,249,1.0
flow01,40,268.0,-1196.65,-1196.65,5759704.537718434,2967700.2952946825,4786459.2969823135,3877079.796138498,3109911.200402077,2024466.351401701,2046877.1449925753,bilateral,1882624.741579936,310821344.8348475,0.0,5,5,other,valid,flow01_Bscan249,249,1.0
flow01,41,274.7,-1189.95,-1189.95,2919425.7155023343,2935213.246868466,2074676.3280289453,2504944.7874487056,1679506.6401045627,2524669.7159952633,2418881.600770462,bilateral,414480.92805362865,68430801.22165415,0.0,5,5,other,valid,flow01_Bscan249,249,1.0
flow01,42,281.40000000000003,-1183.25,-1183.25,3560664.0468329224,3774009.213924428,3272282.4026703998,3523145.8082974134,2739951.0438394416,2510545.73354265,2932693.1272812495,bilateral,37518.23853550898,6194261.182212656,0.0,5,5,other,valid,flow01_Bscan249,249,1.0
flow01,43,288.1,-1176.55,-1176.55,5041627.923918379,3427278.8213348826,9872665.675629133,6649972.248482008,3968426.1171654584,6810734.882542999,5748423.950649188,bilateral,-1608344.32456363,-265537647.9854554,0.0,5,5,other,valid,flow01_Bscan249,249,1.0
flow01,44,294.8,-1169.85,-1169.85,3380244.738790957,3619619.336693072,3558850.3341650963,3589234.8354290845,3632014.1111492384,1856281.3778680717,2243596.661464226,bilateral,-208990.0966381277,-34504264.9549549,0.0,5,5,other,valid,flow01_Bscan249,249,1.0
flow01,45,301.5,-1163.15,-1163.15,5211069.075353276,4303659.360023552,4026711.236159604,4165185.298091577,2092852.9391677189,3744772.520704594,1663893.7866360783,bilateral,1045883.7772616991,172675411.6259065,0.0,5,5,other,valid,flow01_Bscan249,249,1.0
flow01,46,308.2,-1156.45,-1156.45,3685423.7177529135,7656441.333864531,3267723.8107853914,5462082.5723249605,5897444.558288828,3478505.033822775,3348852.6171008563,bilateral,-1776658.854572047,-293326376.8898451,0.0,5,5,other,valid,flow01_Bscan249,249,1.0
flow01,47,314.90000000000003,-1149.75,-1149.75,5108437.019364494,3703114.4970670333,6418649.845073626,5060882.17107033,7092340.592145488,1970233.619808081,2167962.6241620434,bilateral,47554.848294164054,7851305.453366473,0.0,5,5,other,valid,flow01_Bscan249,249,1.0
flow01,48,321.6,-1143.05,-1143.05,3102484.0141366515,6323502.673766863,8959810.238399869,7641656.456083367,7849547.775312726,4234649.074412822,5024723.457469674,bilateral,-4539172.441946715,-749417370.1654027,0.0,5,5,other,valid,flow01_Bscan249,249,1.0
flow01,49,328.3,-1136.35,-1136.35,5193662.201310762,3516588.824286292,7329276.77416336,5422932.7992248265,4093820.306049977,4035352.216004766,4403936.53509332,bilateral,-229270.5979140643,-37852575.71561204,0.0,5,5,other,valid,flow01_Bscan249,249,1.0
flow01,50,335.0,-1129.65,-1129.65,4483382.415538483,7868129.008473811,8296802.354121717,8082465.681297766,6978471.619216472,6039001.692274506,5829999.652880289,bilateral,-3599083.2657592827,-594208647.1768576,0.0,5,5,other,valid,flow01_Bscan249,249,1.0
flow01,51,341.7,-1122.95,-1122.95,4090026.9628766817,5087447.0083465995,3462121.5805189884,4274784.294432794,5533027.659816299,1456621.4465098036,1537517.9870643744,bilateral,-184757.33155611204,-30503435.439914137,0.0,5,5,other,valid,flow01_Bscan249,249,1.0
flow01,52,348.40000000000003,-1116.25,-1116.25,5682701.0433420595,4269444.557286432,934392.7569806423,2601918.6571335373,3261473.0121522,1244921.1969457283,803191.4292583854,bilateral,3080782.386208522,508637171.963027,0.0,5,5,other,valid,flow01_Bscan249,249,1.0
flow01,53,355.1,-1109.55,-1109.55,3895644.9811384105,6198487.753416902,6801119.573355965,6499803.663386433,4535121.455988648,5587433.348280754,3850633.452791527,bilateral,-2604158.682248023,-429946598.43914855,0.0,5,5,other,valid,flow01_Bscan249,249,1.0
flow01,54,361.8,-1102.85,-1102.85,5091049.265749155,5215588.883149101,3958845.926204854,4587217.404676978,4605154.79020563,2693900.5047264723,3673294.4632346854,bilateral,503831.86107217707,83182640.26301639,0.0,5,5,other,valid,flow01_Bscan249,249,1.0
flow01,55,368.5,-1096.15,-1096.15,7120918.793697511,3339895.5371382497,2605420.3135204623,2972657.9253293565,1831823.4083277436,2442881.9181426107,1159697.389415884,bilateral,4148260.8683681544,684877869.3675823,0.0,5,5,other,valid,flow01_Bscan249,249,1.0
flow01,56,375.2,-1089.45,-1089.45,4120315.8839756628,4346566.414108975,6578302.031375292,5462434.222742134,5733768.447955341,2712199.286458336,2947656.853724096,bilateral,-1342118.338766471,-221583737.73034438,0.0,5,5,other,valid,flow01_Bscan249,249,1.0
flow01,57,381.90000000000003,-1082.75,-1082.75,3769428.141299173,2630870.263964994,6302710.782855534,4466790.523410264,3581357.6063541756,3565792.82914757,3380474.228566299,bilateral,-697362.3821110916,-115134529.28654133,0.0,5,5,other,valid,flow01_Bscan249,249,1.0
flow01,58,388.6,-1076.05,-1076.05,2285473.9565903107,6822676.965101411,2220406.428448372,4521541.696774891,4716425.185134431,2487281.753779142,2860683.296720645,bilateral,-2236067.74018458,-369174783.9044742,0.0,5,5,other,valid,flow01_Bscan249,249,1.0
flow01,59,395.3,-1069.35,-1069.35,4879027.062545993,5378650.560897949,11287577.630593697,8333114.095745822,6676153.736535652,5284668.001481317,3031776.8480801717,bilateral,-3454087.033199829,-570269769.1812917,0.0,5,5,other,valid,flow01_Bscan249,249,1.0
flow01,60,402.0,-1062.65,-1062.65,7066979.914453297,5965158.10795377,4114479.3393556895,5039818.723654729,4595699.063339034,3909349.8704251037,2540961.5971166566,bilateral,2027161.1907985676,334684312.6008434,0.0,5,5,other,valid,flow01_Bscan249,249,1.0
flow01,61,408.7,-1055.95,-1055.95,5244091.582052474,7613881.370603567,6896618.707469607,7255250.039036587,5245880.903705316,5568896.267415982,3992340.7224909742,bilateral,-2011158.456984113,-332042261.24807703,0.0,5,5,other,valid,flow01_Bscan249,249,1.0
flow01,62,415.40000000000003,-1049.25,-1049.25,7431535.318753616,8023242.746008175,4049911.6690054513,6036577.207506814,6054410.238497879,4959312.26758805,6019928.99183137,bilateral,1394958.111246802,230307584.16684684,0.0,5,5,other,valid,flow01_Bscan249,249,1.0
flow01,63,422.1,-1042.55,-1042.55,3998441.4180684993,5864479.073230558,4074105.613344574,4969292.343287567,3084232.6030686474,5046625.377465174,3018897.161266189,bilateral,-970850.9252190674,-160287487.75366786,0.0,5,5,other,valid,flow01_Bscan249,249,1.0
flow01,64,428.8,-1035.85,-1035.85,4367387.120440879,5502575.928783458,3560535.262780608,4531555.595782033,3218780.307957269,3193306.8710637484,2323238.442622727,bilateral,-164168.47534115426,-27104215.27882453,0.0,5,5,other,valid,flow01_Bscan249,249,1.0
flow01,65,435.5,-1029.15,-1029.15,7287935.138330461,4617000.341037258,4629186.964995029,4623093.6530161435,4030721.8010606277,2936338.7380814063,2080307.9845211704,bilateral,2664841.485314318,439965329.2253942,0.0,5,5,other,valid,flow01_Bscan249,249,1.0
flow01,66,442.2,-1022.45,-1022.45,4532325.371726335,10059119.665749831,5678396.171423167,7868757.918586498,5155366.203595729,6307349.618067453,4395828.555418512,bilateral,-3336432.546860163,-550845013.4866129,0.0,5,5,other,valid,flow01_Bscan249,249,1.0
flow01,67,448.90000000000003,-1015.75,-1015.75,4361484.766861343,5931986.484870644,6550881.862056581,6241434.173463614,3533284.9968331736,5357494.470898992,3032222.885845819,bilateral,-1879949.406602271,-310379647.0300351,0.0,5,5,other,valid,flow01_Bscan249,249,1.0
flow01,68,455.6,-1009.0500000000001,-1009.0500000000001,4527961.416123445,3041281.318396949,2050301.2957643722,2545791.3070806605,2346041.2324827323,1409347.8547111403,1789685.8813137214,bilateral,1982170.1090427847,327256285.00296384,0.0,5,5,other,valid,flow01_Bscan249,249,1.0
flow01,69,462.3,-1002.35,-1002.35,4683637.561434829,1844844.4530808493,6009911.290699853,3927377.871890351,2895989.36192569,3786020.8822287093,4366778.704098454,bilateral,756259.6895444775,124858474.74379307,0.0,5,5,other,valid,flow01_Bscan249,249,1.0
flow01,70,469.0,-995.65,-995.65,4953163.170324632,4263336.197180607,4489473.699268145,4376404.948224375,3998292.3761156867,2224668.0186999165,2334219.2928571827,bilateral,576758.222100257,95222782.46875253,0.0,5,5,other,valid,flow01_Bscan249,249,1.0
flow01,71,475.7,-988.95,-988.95,5162715.695553656,4888970.798649817,2922730.98526767,3905850.8919587424,3411007.3322829735,2987606.0506422836,3154964.0634451704,bilateral,1256864.8035949133,207508379.07352012,0.0,5,5,other,valid,flow01_Bscan249,249,1.0
flow01,72,482.40000000000003,-982.25,-982.25,5725568.043430449,4947126.637886828,2316665.171526721,3631895.9047067747,3899018.3491065525,1500161.6472696452,1706570.7179140795,bilateral,2093672.1387236747,345665270.1032788,0.0,5,5,other,valid,flow01_Bscan249,249,1.0
flow01,73,489.1,-975.5500000000001,-975.5500000000001,4038352.0531951934,7376447.561188221,5495999.161435064,6436223.361311642,5592427.087195241,5589012.062277126,6063756.716307214,bilateral,-2397871.308116449,-395888552.97002566,0.0,5,5,other,valid,flow01_Bscan249,249,1.0
flow01,74,495.8,-968.85,-968.85,6500754.800430229,5746718.439500274,8918533.175245512,7332625.807372892,6185201.247828389,6480795.981139962,8413151.753614858,bilateral,-831871.0069426633,-137341903.24623373,0.0,5,5,other,valid,flow01_Bscan249,249,1.0
flow01,75,502.5,-962.15,-962.15,6682260.192689738,4291687.4317162875,2414515.10473438,3353101.2682253337,3177929.851817912,2467210.749887721,1519335.2852146688,bilateral,3329158.9244644046,549644138.4290732,0.0,5,5,other,valid,flow01_Bscan249,249,1.0
flow01,76,509.2,-955.45,-955.45,6381303.918698272,3873476.48110253,7649158.202711679,5761317.3419071045,4448582.9931556685,5205858.69138561,6001749.312254803,bilateral,619986.5767911673,102359783.82822163,0.0,5,5,other,valid,flow01_Bscan249,249,1.0
flow01,77,515.9,-948.75,-948.75,4563068.1556487745,4212685.737129619,5454742.477255111,4833714.107192365,3586795.9023026503,3212549.7336063636,2767780.248518665,bilateral,-270645.951543591,-44683646.599846855,0.0,5,5,other,valid,flow01_Bscan249,249,1.0
flow01,78,522.6,-942.0500000000001,-942.0500000000001,7184991.920629708,2527201.6421160647,5429226.118044359,3978213.880080211,4645810.526269218,2086210.4425680917,1615191.3949377646,bilateral,3206778.040549497,529439054.49472195,0.0,5,5,other,valid,flow01_Bscan249,249,1.0
flow01,79,529.3000000000001,-935.35,-935.35,5402307.55398971,3502035.64367037,4379304.48822858,3940670.065949476,4297979.6419637315,1956423.0545473988,1809203.4632181365,bilateral,1461637.4880402344,241316349.27544302,0.0,5,5,other,valid,flow01_Bscan249,249,1.0
flow01,80,536.0,-928.65,-928.65,3302868.281078774,5035680.784327002,8919794.139557822,6977737.461942412,8698434.455090117,3980481.361137189,5145213.053347208,bilateral,-3674869.180863638,-606720901.7605865,0.0,5,5,other,valid,flow01_Bscan249,249,1.0
flow01,81,542.7,-921.95,-921.95,6175518.45962885,3224464.4775330825,5898209.229560119,4561336.853546601,4014878.5089530954,2948897.8000392364,2476868.8002364305,bilateral,1614181.6060822494,266501383.16417924,0.0,5,5,other,valid,flow01_Bscan249,249,1.0
flow01,82,549.4,-915.25,-915.25,7507763.554449478,2171100.597444498,2505436.161450778,2338268.379447638,1541573.5262468948,2097316.4994136305,1861132.2753646995,bilateral,5169495.17500184,853483653.3928035,0.0,5,5,other,valid,flow01_Bscan249,249,1.0
flow01,83,556.1,-908.5500000000001,-908.5500000000001,4981362.257170667,5721983.284445585,12303354.043858744,9012668.664152164,9586375.88588712,4227088.583601085,5603995.068555787,bilateral,-4031306.406981497,-665568687.792645,0.0,5,5,other,valid,flow01_Bscan249,249,1.0
flow01,84,562.8000000000001,-901.85,-901.85,3688011.19946851,4568312.226167609,3794131.2475707033,4181221.7368691573,3366092.0408738605,3738074.199991106,4291724.748849153,bilateral,-493210.53740064707,-81429059.72484678,0.0,5,5,other,valid,flow01_Bscan249,249,1.0
flow01,85,569.5,-895.15,-895.15,5230693.920715355,7354226.964049421,4725919.073253088,6040073.018651254,5051222.709565498,3827184.2931720326,4490347.0875245975,bilateral,-809379.0979358982,-133628489.06921686,0.0,5,5,other,valid,flow01_Bscan249,249,1.0
flow01,86,576.2,-888.45,-888.45,7059329.012229335,2273617.5285790577,6519683.747266593,4396650.637922825,3648635.6481095324,3209994.48975931,2222311.1446967,bilateral,2662678.3743065093,439608199.59800464,0.0,5,5,other,valid,flow01_Bscan249,249,1.0
flow01,87,582.9,-881.75,-881.75,6601428.757356872,3367591.0052655535,8788286.809144733,6077938.907205144,5769628.309919848,3817310.974525965,4170957.439164977,bilateral,523489.8501517279,86428174.2600502,0.0,5,5,other,valid,flow01_Bscan249,249,1.0
flow01,88,589.6,-875.0500000000001,-875.0500000000001,5348202.535429668,1716202.6607282213,7473574.51165201,4594888.586190116,4788008.900142194,2753307.429739685,3240218.6919322885,bilateral,753313.949239552,124372133.01945004,0.0,5,5,other,valid,flow01_Bscan249,249,1.0
flow01,89,596.3000000000001,-868.35,-868.35,6286080.87282125,9933346.84091649,6988634.934628892,8460990.88777269,8876981.579986598,3377502.408024582,4106202.7475673533,bilateral,-2174910.0149514405,-359077643.4684828,0.0,5,5,other,valid,flow01_Bscan249,249,1.0
flow01,90,603.0,-861.65,-861.65,6085287.932516005,1261924.2917851321,22707011.001805633,11984467.64679538,17103354.76848134,3020733.4749364615,3446486.2973091644,bilateral,-5899179.714279376,-973954570.827525,0.0,5,5,other,valid,flow01_Bscan249,249,1.0
flow01,91,609.7,-854.95,-854.95,5715845.789466426,3311994.3537182566,11870787.526930023,7591390.940324138,8406538.795364188,2889705.8752077697,3320041.9413881134,bilateral,-1875545.1508577121,-309652504.4066083,0.0,5,5,other,valid,flow01_Bscan249,249,1.0
flow01,92,616.4,-848.25,-848.25,4910896.61445717,4066575.7665294735,9839304.00784959,6952939.887189532,7088755.400203608,3854697.325602592,5234853.479963385,bilateral,-2042043.2727323622,-337141344.328113,0.0,5,5,other,valid,flow01_Bscan249,249,1.0
flow01,93,623.1,-841.55,-841.55,4509193.544634495,5682378.526324926,4710907.483380942,5196643.004852934,4558192.352009201,3741406.364459399,2168978.5828672517,bilateral,-687449.4602184389,-113497905.88206425,0.0,5,5,other,valid,flow01_Bscan249,249,1.0
flow01,94,629.8000000000001,-834.85,-834.85,6920960.480553121,8400891.492526606,9121410.526303139,8761151.009414872,3165233.2902391497,9074886.66114181,3342923.7114822594,bilateral,-1840190.5288617508,-303815456.31507534,0.0,5,5,other,valid,flow01_Bscan249,249,1.0
flow01,95,636.5,-828.15,-828.15,3834368.0763867293,4225262.199198689,11082895.436020765,7654078.817609727,8275433.324793634,5300502.754087484,1415750.458146988,bilateral,-3819710.741222998,-630634243.3759168,0.0,5,5,other,valid,flow01_Bscan249,249,1.0
flow01,96,643.2,-821.45,-821.45,7525520.483660023,7874440.124437946,3060142.1435662126,5467291.134002078,5584481.4158691205,4061236.6622811933,3719816.5434568017,bilateral,2058229.3496579444,339813665.62852657,0.0,5,5,other,valid,flow01_Bscan249,249,1.0
flow01,97,649.9,-814.75,-814.75,4229177.481195322,5625349.307711744,7545422.754927737,6585386.031319739,5323533.63658948,5264642.01790243,5844324.660534504,bilateral,-2356208.550124417,-389010031.62554127,0.0,5,5,other,valid,flow01_Bscan249,249,1.0
flow01,98,656.6,-808.05,-808.05,10987121.391107231,2745133.3906616867,2923722.231902737,2834427.811282212,2755802.10954664,1575334.8408757693,1936466.3906783515,bilateral,8152693.579825019,1346009710.0291104,0.0,5,5,other,valid,flow01_Bscan249,249,1.0
flow01,99,663.3000000000001,-801.35,-801.35,5399703.582290528,1405103.9112495575,2254471.188503432,1829787.549876495,1731658.859732592,1619479.709886284,1175142.2327239502,bilateral,3569916.032414033,589393136.9515567,0.0,5,5,other,valid,flow01_Bscan249,249,1.0
flow01,100,670.0,-794.65,-794.65,8722631.986496724,7674671.473614415,5614745.33030099,6644708.401957704,5557487.149775545,3486060.0240944615,3207813.92879323,bilateral,2077923.5845390204,343065183.80739206,0.0,5,5,other,valid,flow01_Bscan249,249,1.0
flow01,101,676.7,-787.95,-787.95,5932868.019700456,1986738.6498450995,4517638.016968683,3252188.333406891,2662301.4233218506,2246796.9824578483,2890494.5095412745,bilateral,2680679.686293565,442580216.2070675,0.0,5,5,other,valid,flow01_Bscan249,249,1.0
flow01,102,683.4,-781.25,-781.25,6155293.386349167,11801955.302952029,9212330.662542049,10507142.982747037,12245253.251894644,6244901.371023022,4852333.160163258,bilateral,-4351849.59639787,-718490368.3652884,0.0,5,5,other,valid,flow01_Bscan249,249,1.0
flow01,103,690.1,-774.55,-774.55,7465950.970961073,12916130.67958869,14963428.508414367,13939779.594001528,12225255.582222603,11772240.341702547,11450479.251313843,bilateral,-6473828.623040454,-1068829105.6639792,0.0,5,5,other,valid,flow01_Bscan249,249,1.0
flow01,104,696.8000000000001,-767.85,-767.85,7902527.286499558,3024979.633053372,4460224.271261047,3742601.9521572096,3762807.679810173,2035849.3202314975,2784351.335294668,bilateral,4159925.3343423484,686803672.6999215,0.0,5,5,other,valid,flow01_Bscan249,249,1.0
flow01,105,703.5,-761.15,-761.15,7158883.827880871,8273220.728732551,8422814.674141329,8348017.701436939,7245138.852400897,5770882.700315913,6873482.279103134,bilateral,-1189133.8735560682,-196326002.52410692,0.0,5,5,other,valid,flow01_Bscan249,249,1.0
flow01,106,710.2,-754.45,-754.45,5463980.070906795,10194840.101869244,10653771.898870457,10424306.00036985,7346244.518758717,7667826.269309016,7443820.271351134,bilateral,-4960325.929463056,-818949810.9543504,0.0,5,5,other,valid,flow01_Bscan249,249,1.0
flow01,107,716.9,-747.75,-747.75,7065979.145325622,6002330.083112584,10688350.32416201,8345340.203637297,8473154.504776314,5594410.793034282,7281267.80461198,bilateral,-1279361.0583116757,-211222510.72725767,0.0,5,5,other,valid,flow01_Bscan249,249,1.0
flow01,108,723.6,-741.05,-741.05,6859833.467371457,2901427.669203286,9669599.751721278,6285513.7104622815,7719502.444148058,4422583.050232475,5901258.493445639,bilateral,574319.7569091758,94820191.86570495,0.0,5,5,other,valid,flow01_Bscan249,249,1.0
flow01,109,730.3000000000001,-734.35,-734.35,7340158.130143007,1051956.2069651815,5397896.66711482,3224926.4370400007,3406708.107675236,2298860.207784357,3021196.845907601,bilateral,4115231.6931030066,679424752.531306,0.0,5,5,other,valid,flow01_Bscan249,249,1.0
flow01,110,737.0,-727.65,-727.65,11250011.10225087,7763526.07050018,12976358.88257679,10369942.476538483,6876416.873211434,8587195.784004267,7928263.460176271,bilateral,880068.6257123873,145299330.10511512,0.0,5,5,other,valid,flow01_Bscan249,249,1.0
flow01,111,743.7,-720.95,-720.95,8449661.93250851,8658215.933274806,3984833.854840291,6321524.894057548,6505021.679253696,1930662.515595059,1982883.009790376,bilateral,2128137.038450962,351355425.04825383,0.0,5,5,other,valid,flow01_Bscan249,249,1.0
flow01,112,750.4,-714.25,-714.25,6631904.101100093,3749583.853988002,5430961.4077774715,4590272.630882737,3636222.358593773,4284731.972487109,5316254.3383697,bilateral,2041631.4702173555,337073355.7328854,0.0,5,5,other,valid,flow01_Bscan249,249,1.0
flow01,113,757.1,-707.55,-707.55,7201113.748671234,6836929.306185668,8011128.727646718,7424029.016916193,4327126.452363119,6183301.427140243,5074738.230975431,bilateral,-222915.2682449594,-36803310.7872429,0.0,5,5,other,valid,flow01_Bscan249,249,1.0
flow01,114,763.8000000000001,-700.85,-700.85,8331769.326608093,10824961.835596953,19103407.213854212,14964184.524725582,13178128.617113309,12776696.862511806,17872237.680105187,bilateral,-6632415.198117489,-1095011749.209197,0.0,5,5,other,valid,flow01_Bscan249,249,1.0
flow01,115,770.5,-694.15,-694.15,4802308.9944070345,11557668.847433615,14180034.45272382,12868851.650078718,11026334.37431127,8245769.863926021,9702735.568613635,bilateral,-8066542.655671683,-1331786192.4513948,0.0,5,5,other,valid,flow01_Bscan249,249,1.0
flow01,116,777.2,-687.45,-687.45,10537628.621050071,4536619.103284351,11265741.206652438,7901180.154968396,7919085.154518654,4219555.448215034,3083655.3253913177,bilateral,2636448.466081675,435277641.7500844,0.0,5,5,other,valid,flow01_Bscan249,249,1.0
flow01,117,783.9,-680.75,-680.75,9298086.875325032,13628540.585534826,7195214.930438841,10411877.757986832,8228151.300066944,9711500.594722357,8830158.255643193,bilateral,-1113790.8826618008,-183886874.72746357,0.0,5,5,other,valid,flow01_Bscan249,249,1.0
flow01,118,790.6,-674.05,-674.05,5670907.65010147,6865891.462401075,7630349.833478043,7248120.647939558,5287297.835589326,5457792.114364816,3066611.3711378234,bilateral,-1577212.9978380883,-260397865.9430683,0.0,5,5,other,valid,flow01_Bscan249,249,1.0
flow01,119,797.3000000000001,-667.35,-667.35,4873043.458152494,6207136.258554129,6129024.399353773,6168080.328953952,4080214.1476128106,5836893.697816873,4931124.333170527,bilateral,-1295036.8708014572,-213810587.3693205,0.0,5,5,other,valid,flow01_Bscan249,249,1.0
flow01,120,804.0,-660.65,-660.65,12438937.972622238,5167913.3221117025,10131084.467661362,7649498.894886533,7609460.528697116,6495352.835187108,3019974.0533518456,bilateral,4789439.077735705,790736391.7341646,0.0,5,5,other,valid,flow01_Bscan249,249,1.0
flow01,121,810.7,-653.95,-653.95,7073083.914655579,4403568.182022792,5760687.667736949,5082127.924879871,3311808.252588862,4535403.515311666,3080860.012068908,bilateral,1990955.989775708,328706833.9119694,0.0,5,5,other,valid,flow01_Bscan249,249,1.0
flow01,122,817.4,-647.25,-647.25,10649884.0435624,11334842.559542323,5832872.5343181435,8583857.546930233,7967455.971730931,6071041.600399157,7178953.081538572,bilateral,2066026.4966321662,341100974.5939705,0.0,5,5,other,valid,flow01_Bscan249,249,1.0
flow01,123,824.1,-640.55,-640.55,8442729.925801985,8056693.762304762,5905403.975588829,6981048.868946796,6725126.396307211,5993089.691650307,6890869.789606413,bilateral,1461681.0568551887,241323542.48679137,0.0,5,5,other,valid,flow01_Bscan249,249,1.0
flow01,124,830.8000000000001,-633.85,-633.85,15314508.445482247,6769862.064629434,10208184.6955265,8489023.380077966,6653305.032217299,7350818.878713248,8258239.886305098,bilateral,6825485.065404281,1126887584.2982466,0.0,5,5,other,valid,flow01_Bscan249,249,1.0
flow01,125,837.5,-627.15,-627.15,15705077.337297045,7672072.976526166,15713634.727232212,11692853.851879189,13011857.709713914,6920410.499360437,7738263.77650767,bilateral,4012223.485417856,662418097.4424882,0.0,5,5,other,valid,flow01_Bscan249,249,1.0
flow01,126,844.2,-620.45,-620.45,13074129.440314235,16305108.6957671,10525803.245927202,13415455.970847152,11229090.563608045,11157884.792179957,7119367.878788219,bilateral,-341326.530532917,-56353010.19098462,0.0,5,5,other,valid,flow01_Bscan249,249,1.0
flow01,127,850.9,-613.75,-613.75,6761670.583750414,10823178.628775785,7410259.702507558,9116719.165641673,5432877.873788669,8164125.54762691,6640053.701324896,bilateral,-2355048.581891259,-388818520.87024677,0.0,5,5,other,valid,flow01_Bscan249,249,1.0
flow01,128,857.6,-607.05,-607.05,17150230.214602444,9121215.587847978,5222902.364058814,7172058.9759533955,5183917.186484608,5969900.517333793,5247540.779167609,bilateral,9978171.238649048,1647396071.5009577,0.0,5,5,other,valid,flow01_Bscan249,249,1.0
flow01,129,864.3000000000001,-600.35,-600.35,8649820.530043254,9295445.357824538,14263356.148325145,11779400.753074842,9977424.013737593,8646061.52360119,9337323.685116744,bilateral,-3129580.223031588,-516693694.82251483,0.0,5,5,other,valid,flow01_Bscan249,249,1.0
flow01,130,871.0,-593.65,-593.65,9122467.210475491,7855366.6649314,9999872.389119687,8927619.527025541,7744033.205916697,6501301.900654381,5939516.152876598,bilateral,194847.68344995007,32169352.53758667,0.0,5,5,other,valid,flow01_Bscan249,249,1.0
flow01,131,877.7,-586.95,-586.95,15494958.14967681,10561298.752735477,10898221.55167507,10729760.152205274,8202696.14069837,9045913.310743362,10431566.247471504,bilateral,4765197.997471536,786734189.3825498,0.0,5,5,other,valid,flow01_Bscan249,249,1.0
flow01,132,884.4,-580.25,-580.25,7898184.980021692,6399042.869146753,10341507.591680167,8370275.230413461,6932998.378733207,4960078.288398385,5362864.108892881,bilateral,-472090.2503917692,-77942100.33968093,0.0,5,5,other,valid,flow01_Bscan249,249,1.0
flow01,133,891.1,-573.55,-573.55,6458651.309961751,9220422.448762028,12206213.755951058,10713318.102356544,9733942.793851389,7720149.38961323,9416512.680231608,bilateral,-4254666.792394793,-702445487.4243803,0.0,5,5,other,valid,flow01_Bscan249,249,1.0
flow01,134,897.8000000000001,-566.85,-566.85,15664436.541636368,10254428.689480964,9675577.051865328,9965002.870673146,7254849.945346314,10519286.290936686,10806587.909169221,bilateral,5699433.670963222,940976499.0760272,0.0,5,5,other,valid,flow01_Bscan249,249,1.0
flow01,135,904.5,-560.15,-560.15,8067505.693079814,8320424.350702326,5257562.05757748,6788993.204139903,4774863.752093613,7316641.012315396,6529716.748067735,bilateral,1278512.4889399111,211082411.92397922,0.0,5,5,other,valid,flow01_Bscan249,249,1.0
flow01,136,911.2,-553.45,-553.45,9553602.659995705,13899143.087400228,10672175.990405818,12285659.538903024,8615741.4069585,11840878.149396162,7191724.816988221,bilateral,-2732056.878907319,-451062590.7075982,0.0,5,5,other,valid,flow01_Bscan249,249,1.0
flow01,137,917.9,-546.75,-546.75,12946187.905466083,7148163.465958521,9566719.236703776,8357441.351331149,5687664.506331992,7863669.472872708,4247974.476685786,bilateral,4588746.554134934,757602056.0876781,0.0,5,5,other,valid,flow01_Bscan249,249,1.0
flow01,138,924.6,-540.05,-540.05,18169222.783747032,11325350.592845364,11159569.222611997,11242459.907728681,7600799.978956275,7043784.915924881,5423798.798075429,bilateral,6926762.876018351,1143608550.8306289,0.0,5,5,other,valid,flow01_Bscan249,249,1.0
flow01,139,931.3000000000001,-533.35,-533.35,8466309.760810288,24845998.256013326,23231673.598747298,24038835.927380316,15402345.462105753,26250786.57700243,21010178.07589766,bilateral,-15572526.166570028,-2571024070.1007113,0.0,5,5,other,valid,flow01_Bscan249,249,1.0
flow01,140,938.0,-526.65,-526.65,7655382.757814245,11307260.021174666,19331339.50404553,15319299.762610098,17000543.071289558,8344688.276039863,9134064.648828814,bilateral,-7663917.004795853,-1265312697.4917953,0.0,5,5,other,valid,flow01_Bscan249,249,1.0
flow01,141,944.7,-519.95,-519.95,18770026.654301982,10968108.512950448,5613255.16004772,8290681.836499086,9036223.932043526,4521458.053953419,6525648.642679746,bilateral,10479344.817802897,1730139829.4192586,0.0,5,5,other,valid,flow01_Bscan249,249,1.0
flow01,142,951.4,-513.25,-513.25,31374440.687418774,39047287.80259427,9296885.151948657,24172086.47727146,28255592.82391758,17542668.165958397,22532300.518220942,bilateral,7202354.210147314,1189108680.0953224,0.0,5,5,other,valid,flow01_Bscan249,249,1.0
flow01,143,958.1,-506.55,-506.55,41809689.802659355,16442795.910309905,22766121.121924512,19604458.516117208,19449737.4418329,13576892.945048278,14693813.184422571,bilateral,22205231.286542147,3666083685.4081097,0.0,5,5,other,valid,flow01_Bscan249,249,1.0
flow01,144,964.8000000000001,-499.85,-499.85,57962914.46250561,11627721.71820785,37642458.74784859,24635090.233028222,20231895.43392476,19516660.457912527,24259583.293483663,bilateral,33327824.229477387,5502423780.286715,0.0,5,5,other,valid,flow01_Bscan249,249,1.0
flow01,145,971.5,-493.15,-493.15,25181962.996362105,11797240.791884799,23190683.316548128,17493962.05421646,9411943.893285187,19617251.340793006,4499511.91218277,bilateral,7688000.942145646,1269288955.5482461,0.0,5,5,other,valid,flow01_Bscan249,249,1.0
flow01,146,978.2,-486.45,-486.45,60189409.117414474,15986449.72904403,11878333.680143695,13932391.704593858,12496692.620244795,7891128.127007714,7902353.6252556015,bilateral,46257017.412820615,7637033574.856682,0.0,5,5,other,valid,flow01_Bscan249,249,1.0
flow01,147,984.9,-479.75,-479.75,27310478.73873246,19696478.055925306,55262150.01482751,37479314.035376415,34172835.635870256,24803847.72586779,19621345.25535554,bilateral,-10168835.296643954,-1678874707.4759166,0.0,5,5,other,valid,flow01_Bscan249,249,1.0
flow01,148,991.6,-473.05,-473.05,26379043.61713058,13459925.611389184,33122401.757388912,23291163.68438905,15961498.118245773,18930773.72836691,14379707.39790056,bilateral,3087879.9327415302,509808976.8956258,0.0,5,5,other,valid,flow01_Bscan249,249,1.0
flow01,149,998.3000000000001,-466.35,-466.35,26276029.780514613,35159818.72859627,14461158.0949292,24810488.411762737,27434652.67127349,17483977.71777437,20076582.60628617,bilateral,1465541.368751876,241960879.98093477,0.0,5,5,other,valid,flow01_Bscan249,249,1.0
flow01,150,1005.0,-459.65,-459.65,46200437.6741167,19760649.34747079,41408067.16828807,30584358.25787943,24164070.479337472,23081311.66367948,18548129.69652903,bilateral,15616079.416237272,2578214711.6207743,0.0,5,5,other,valid,flow01_Bscan249,249,1.0
flow01,151,1011.7,-452.95,-452.95,31414502.01333974,10705369.592236813,31820515.45622305,21262942.524229936,26959426.260913648,11790405.902921664,14810300.117632095,bilateral,10151559.489109803,1676022471.6520283,0.0,5,5,other,valid,flow01_Bscan249,249,1.0
flow01,152,1018.4,-446.25,-446.25,22191891.306480013,22895587.89059882,37060180.012792066,29977883.95169545,30607630.43471284,24518435.074654527,35142079.34678044,bilateral,-7785992.645215437,-1285467385.7250683,0.0,5,5,other,valid,flow01_Bscan249,249,1.0
flow01,153,1025.1000000000001,-439.55,-439.55,16198124.019612031,22684632.63992134,41968392.093482405,32326512.36670188,45382993.80279305,16581300.393836048,21101877.283421844,bilateral,-16128388.347089848,-2662796916.104534,0.0,5,5,other,valid,flow01_Bscan249,249,1.0
flow01,154,1031.8,-432.85,-432.85,19409209.35260866,5978242.675397767,15761336.178355444,10869789.426876606,13442955.639225012,5865040.222906556,5536883.851101135,bilateral,8539419.925732052,1409858229.7383618,0.0,5,5,other,valid,flow01_Bscan249,249,1.0
flow01,155,1038.5,-426.15,-426.15,26270546.37482917,11274514.812536884,19224771.479418803,15249643.145977844,8795561.25803934,14423150.64946991,9999125.158041986,bilateral,11020903.228851326,1819551123.0833526,0.0,5,5,other,valid,flow01_Bscan249,249,1.0
flow01,156,1045.2,-419.45,-419.45,32654254.760414023,11483582.232838277,26086787.365881525,18785184.7993599,17463992.61842512,11956314.035930015,9643991.102287248,bilateral,13869069.961054124,2289783450.5700355,0.0,5,5,other,valid,flow01_Bscan249,249,1.0
flow01,157,1051.9,-412.75,-412.75,33756379.76188492,12363511.580981236,29981370.89499762,21172441.23798943,20194253.281460498,13807353.975904997,20233540.70506036,bilateral,12583938.52389549,2077608250.2951458,0.0,5,5,other,valid,flow01_Bscan249,249,1.0
flow01,158,1058.6000000000001,-406.05,-406.05,28308610.519917175,26856750.623603005,14377888.262556061,20617319.443079535,16500101.610464018,12625522.399736904,7924597.058232535,bilateral,7691291.07683764,1269832156.7858944,0.0,5,5,other,valid,flow01_Bscan249,249,1.0
flow01,159,1065.3,-399.35,-399.35,22170749.3193576,18599013.268195175,24008598.26669966,21303805.767447416,20309749.17435332,13588295.011104565,9655992.624770375,bilateral,866943.5519101843,143132380.42037174,0.0,5,5,other,valid,flow01_Bscan249,249,1.0
flow01,160,1072.0,-392.65,-392.65,38062898.72711166,13017853.845631564,25942440.642311126,19480147.243971344,18157667.620544493,12345187.619673967,12612054.294448616,bilateral,18582751.483140316,3068012269.866465,0.0,5,5,other,valid,flow01_Bscan249,249,1.0
flow01,161,1078.7,-385.95,-385.95,12572475.329295201,8519655.220114812,24419245.55190032,16469450.386007566,15454614.182935417,9437539.653300637,12991586.948562684,bilateral,-3896975.056712365,-643390581.8632112,0.0,5,5,other,valid,flow01_Bscan249,249,1.0
flow01,162,1085.4,-379.25,-379.25,35010835.326824084,8774685.500216674,26288901.63841961,17531793.569318138,14202250.32791939,14888218.220627813,19620757.414236818,bilateral,17479041.757505946,2885789794.1642313,0.0,5,5,other,valid,flow01_Bscan249,249,1.0
flow01,163,1092.1000000000001,-372.55,-372.55,50440741.01537956,20410643.31306498,28373547.101288922,24392095.20717695,17197393.9984628,23455746.537903227,24417829.974138387,bilateral,26048645.808202613,4300631422.934253,0.0,5,5,other,valid,flow01_Bscan249,249,1.0
flow01,164,1098.8,-365.85,-365.85,22489973.80236396,19823127.460462667,21541846.927057512,20682487.193760093,16111610.430828271,18500856.44024322,17057203.803993538,bilateral,1807486.608603865,298416039.0804986,0.0,5,5,other,valid,flow01_Bscan249,249,1.0
flow01,165,1105.5,-359.15,-359.15,38750243.43462089,23047633.65686875,29253253.337003253,26150443.496936,15201219.014733735,28047989.58815775,19809208.9400675,bilateral,12599799.937684886,2080226969.711775,0.0,5,5,other,valid,flow01_Bscan249,249,1.0
flow01,166,1112.2,-352.45,-352.45,27369268.108887274,21098250.833602272,38948033.77243576,30023142.303019017,28389092.55189583,19262845.466347914,18252523.298521202,bilateral,-2653874.194131743,-438154629.451152,0.0,5,5,other,valid,flow01_Bscan249,249,1.0
flow01,167,1118.9,-345.75,-345.75,29603063.51540734,5140723.221225487,31103883.90725342,18122303.564239454,19944328.485540334,12004659.530379547,16166947.258224593,bilateral,11480759.951167885,1895473467.9378176,0.0,5,5,other,valid,flow01_Bscan249,249,1.0
flow01,168,1125.6000000000001,-339.05,-339.05,35063405.90005564,27786996.386640824,13825252.86468086,20806124.62566084,21500026.616674762,12225564.862425204,10811027.743676044,bilateral,14257281.274394799,2353877138.4025807,0.0,5,5,other,valid,flow01_Bscan249,249,1.0
flow01,169,1132.3,-332.35,-332.35,19070161.66744984,10238010.891875962,38423189.54026872,24330600.216072343,19186747.603396863,20462211.125645507,13572550.149298806,bilateral,-5260438.548622504,-868498404.3775754,0.0,5,5,other,valid,flow01_Bscan249,249,1.0
flow01,170,1139.0,-325.65,-325.65,17341368.03832689,12753650.087957567,31181528.236154597,21967589.16205608,29785770.923709217,6880459.5351458695,5091599.415777267,bilateral,-4626221.123729192,-763789107.5276896,0.0,5,5,other,valid,flow01_Bscan249,249,1.0
flow01,171,1145.7,-318.95,-318.95,23823573.034227096,23106613.060228504,34449061.962928094,28777837.5115783,24685791.215580195,21095157.491231143,22401585.354924157,bilateral,-4954264.477351204,-817949065.2106827,0.0,5,5,other,valid,flow01_Bscan249,249,1.0
flow01,172,1152.4,-312.25,-312.25,19988338.166798268,28619930.750409473,20720549.799033273,24670240.274721373,15042549.327372735,25306674.2014929,21260358.477667246,bilateral,-4681902.107923105,-772982038.0181048,0.0,5,5,other,valid,flow01_Bscan249,249,1.0
flow01,173,1159.1000000000001,-305.55,-305.55,29073125.028358474,5596883.4368561795,36208988.07873222,20902935.7577942,24604285.93939054,11667382.889104972,14765796.806583744,bilateral,8170189.270564273,1348898248.5701616,0.0,5,5,other,valid,flow01_Bscan249,249,1.0
flow01,174,1165.8,-298.85,-298.85,23502819.556722615,8738645.360690698,18359985.4665429,13549315.4136168,11627612.765675906,9276497.57774613,5087991.423078129,bilateral,9953504.143105814,1643323534.0267692,0.0,5,5,other,valid,flow01_Bscan249,249,1.0
flow01,175,1172.5,-292.15,-292.15,29047896.629392352,9728384.608203959,66976853.10452936,38352618.85636666,37859795.33268079,17696599.671879195,23168808.95451599,bilateral,-9304722.226974305,-1536209639.6734586,0.0,5,5,other,valid,flow01_Bscan249,249,1.0
flow01,176,1179.2,-285.45,-285.45,25722143.489146516,21501733.179800484,32481639.166270833,26991686.173035663,27444336.66466797,16644493.305529565,20375183.32916271,bilateral,-1269542.683889147,-209601497.1100976,0.0,5,5,other,valid,flow01_Bscan249,249,1.0
flow01,177,1185.9,-278.75,-278.75,25738527.20063766,18102989.207964495,54168886.70328186,36135937.95562317,37790015.88964755,24761903.87151506,15767719.643026765,bilateral,-10397410.754985511,-1716612515.648107,0.0,5,5,other,valid,flow01_Bscan249,249,1.0
flow01,178,1192.6000000000001,-272.05,-272.05,28552701.300305583,31348121.61012877,13212257.87937813,22280189.744753454,18636323.217300497,15442771.523198267,15661496.806422561,bilateral,6272511.555552129,1035591657.8216563,0.0,5,5,other,valid,flow01_Bscan249,249,1.0
flow01,179,1199.3,-265.35,-265.35,36114592.8042571,27203196.00369539,17024823.605713896,22114009.804704648,22266633.496700402,19875626.01340447,5031144.642535253,bilateral,14000582.999552455,2311496253.226111,0.0,5,5,other,valid,flow01_Bscan249,249,1.0
flow01,180,1206.0,-258.65,-258.65,22415577.201339956,22385803.669442467,28349430.763803817,25367617.216623142,18128773.390732355,21970569.74405388,21208318.339574702,bilateral,-2952040.015283186,-487381806.5232534,0.0,5,5,other,valid,flow01_Bscan249,249,1.0
flow01,181,1212.7,-251.95,-251.95,17672552.32785286,18463116.285345126,54253802.84180949,36358459.56357731,19351400.65009556,36477445.51953099,25494290.535336222,bilateral,-18685907.23572445,-3085043284.6181073,0.0,5,5,other,valid,flow01_Bscan249,249,1.0
flow01,182,1219.4,-245.25,-245.25,22854378.14622962,21735434.89735272,25593762.853873648,23664598.875613183,23850058.170501065,14601182.160013396,15028137.898302726,bilateral,-810220.7293835618,-133767442.42122647,0.0,5,5,other,valid,flow01_Bscan249,249,1.0
flow01,183,1226.1000000000001,-238.54999999999998,-238.54999999999998,21284292.727880772,20866416.042973895,6254864.351481058,13560640.197227474,12915067.602606146,8782942.430532642,7899515.255198911,bilateral,7723652.530653298,1275175032.8108597,0.0,5,5,other,valid,flow01_Bscan249,249,1.0
flow01,184,1232.8,-231.85,-231.85,12658740.508772254,18321683.68901025,38309534.992175184,28315609.34059272,27325688.396756116,14303018.098320452,18002613.13132515,bilateral,-15656868.831820466,-2584949044.133559,0.0,5,5,other,valid,flow01_Bscan249,249,1.0
flow01,185,1239.5,-225.15,-225.15,13048869.968471142,10212800.887929324,9367371.690020373,9790086.28897485,6590673.590304852,8977123.559411854,8284893.427733365,bilateral,3258783.679496292,538025185.4848379,0.0,5,5,other,valid,flow01_Bscan249,249,1.0
flow01,186,1246.2,-218.45,-218.45,20091630.854451083,11643004.687730573,18730189.11778962,15186596.902760098,11652863.932905618,13076752.539118692,11732350.142639646,bilateral,4905033.951690985,809821105.4241813,0.0,5,5,other,valid,flow01_Bscan249,249,1.0
flow01,187,1252.9,-211.75,-211.75,22562260.021163467,18452377.58419941,33800948.83041271,26126663.20730606,19199638.330372784,14880750.057497706,11330621.781174652,bilateral,-3564403.1861425936,-588482966.0321412,0.0,5,5,other,valid,flow01_Bscan249,249,1.0
flow01,188,1259.6000000000001,-205.04999999999998,-205.04999999999998,24569304.897920664,14246486.197486794,18022292.01008833,16134389.10378756,16456888.799170613,10313973.776719196,9316508.511621734,bilateral,8434915.794133104,1392604597.6113753,0.0,5,5,other,valid,flow01_Bscan249,249,1.0
flow01,189,1266.3,-198.35,-198.35,22061276.662950717,14216611.667890077,21317238.363482453,17766925.015686266,11763138.108118555,16856356.193886638,14327194.3110118,bilateral,4294351.647264451,708997456.9633605,0.0,5,5,other,valid,flow01_Bscan249,249,1.0
flow01,190,1273.0,-191.65,-191.65,14768255.108916638,17064877.683160827,41716150.91786115,29390514.30051099,30104048.521085545,14994082.099613067,9866696.54287228,bilateral,-14622259.191594353,-2414134992.5322275,0.0,5,5,other,valid,flow01_Bscan249,249,1.0
flow01,191,1279.7,-184.95,-184.95,21249438.635610826,25258339.98383297,18271543.063608658,21764941.52372082,12386387.67294496,23367951.75341691,10067889.18368806,bilateral,-515502.8881099932,-85109526.82696022,0.0,5,5,other,valid,flow01_Bscan249,249,1.0
flow01,192,1286.4,-178.25,-178.25,23848492.426899258,33103620.81745817,7331398.050084236,20217509.433771208,20518370.550666753,12521292.005137507,11110785.266267978,bilateral,3630982.99312805,599475292.1654408,0.0,5,5,other,valid,flow01_Bscan249,249,1.0
flow01,193,1293.1000000000001,-171.54999999999998,-171.54999999999998,6099287.154533545,42744403.49588322,10238954.907772994,26491679.201828107,25123821.399578243,16491979.62362482,18378271.283901293,bilateral,-20392392.047294565,-3366783927.008332,0.0,5,5,other,valid,flow01_Bscan249,249,1.0
flow01,194,1299.8,-164.85,-164.85,20416027.672862474,18384035.98500686,20974840.6569708,19679438.320988826,14806762.98176669,14233774.727982381,14267772.991356721,bilateral,736589.3518736474,121610901.9943389,0.0,5,5,other,valid,flow01_Bscan249,249,1.0
flow01,195,1306.5,-158.15,-158.15,22496822.341810558,19566893.99413544,29485636.40690259,24526265.200519018,16312522.137289017,23238674.832867995,16273911.35145174,bilateral,-2029442.85870846,-335061015.9727667,0.0,5,5,other,valid,flow01_Bscan249,249,1.0
flow01,196,1313.2,-151.45,-151.45,16319240.147907846,10547360.93133922,21134941.995902687,15841151.463620955,11772235.694086036,12500934.66981382,14610677.495660366,bilateral,478088.68428689055,78932441.77576607,0.0,5,5,other,valid,flow01_Bscan249,249,1.0
flow01,197,1319.9,-144.75,-144.75,15527002.674684754,30726560.91461376,19307180.899692573,25016870.907153167,33597778.13375696,11356234.400764782,12989465.17296741,bilateral,-9489868.232468413,-1566777245.180535,0.0,5,5,other,valid,flow01_Bscan249,249,1.0
flow01,198,1326.6000000000001,-138.04999999999998,-138.04999999999998,38605835.30963679,37008376.203064114,20377841.008305676,28693108.6056849,21353442.969224554,24569276.578087136,22733736.838522878,bilateral,9912726.703951888,1636591178.8224556,0.0,5,5,other,valid,flow01_Bscan249,249,1.0
flow01,199,1333.3,-131.35,-131.35,22900088.72992262,12368520.493214553,37797989.736761816,25083255.11498818,23264500.60105547,20324606.24048677,24133283.51961386,bilateral,-2183166.385065563,-360440770.174324,0.0,5,5,other,valid,flow01_Bscan249,249,1.0
flow01,200,1340.0,-124.64999999999999,-124.64999999999999,53978282.37452514,31682107.919974376,22159249.704304967,26920678.81213968,21771807.234537203,15698086.207841702,13942231.778075697,bilateral,27057603.56238546,4467210348.149839,0.0,5,5,source,valid,flow01_Bscan249,249,1.0
flow01,201,1346.7,-117.94999999999999,-117.94999999999999,102395115.9560557,17906929.86940075,15369425.405870315,16638177.637635533,13395496.220690364,11444053.478191458,7565348.542219306,bilateral,85756938.31842017,14158470516.371166,0.0,5,5,source,valid,flow01_Bscan249,249,1.0
flow01,202,1353.4,-111.24999999999999,-111.24999999999999,111364982.75072159,8580154.4959423,26321811.332077578,17450982.914009936,22843814.614055764,7060674.785998447,5719043.720133717,bilateral,93913999.83671165,15505201373.041094,0.0,5,5,source,valid,flow01_Bscan249,249,1.0
flow01,203,1360.1000000000001,-104.55,-104.55,189849403.45434877,27968618.932142824,13340302.714102589,20654460.823122703,14757403.099355267,15465807.97697632,14401180.869405603,bilateral,169194942.63122606,27934085028.41543,0.0,5,5,source,valid,flow01_Bscan249,249,1.0
flow01,204,1366.8,-97.85,-97.85,226020173.8606339,21742344.5469786,17679236.608833127,19710790.577905864,16895793.4190445,17300546.66915674,16373820.178205678,bilateral,206309383.28272805,34061679179.978405,0.0,5,5,source,valid,flow01_Bscan249,249,1.0
flow01,205,1373.5,-91.14999999999999,-91.14999999999999,131634720.80098973,31028333.87760418,12570716.898545094,21799525.388074636,21444340.769311797,12219110.348818593,12369679.439524109,bilateral,109835195.4129151,18133790762.672283,0.0,5,5,source,valid,flow01_Bscan249,249,1.0
flow01,206,1380.2,-84.44999999999999,-84.44999999999999,213211197.12163502,7395391.379676444,32674793.874958865,20035092.627317656,23848470.07041584,15679737.218731333,17421477.656647593,bilateral,193176104.49431735,31893374852.0118,0.0,5,5,source,valid,flow01_Bscan249,249,1.0
flow01,207,1386.9,-77.74999999999999,-77.74999999999999,100737077.71934575,17715073.553701352,19907332.658989064,18811203.106345206,18962672.115144216,10737916.78757951,13294994.2944751,bilateral,81925874.61300054,13525961898.606392,0.0,5,5,source,valid,flow01_Bscan249,249,1.0
flow01,208,1393.6000000000001,-71.05,-71.05,128736726.68117696,32729709.037033785,19777166.828215465,26253437.932624623,20637787.768328384,23855767.323459283,22228891.969454627,bilateral,102483288.74855234,16919990972.38599,0.0,5,5,source,valid,flow01_Bscan249,249,1.0
flow01,209,1400.3,-64.35,-64.35,102443278.3785463,34714483.54073022,39017094.36583012,36865788.95328017,38548523.10259271,24821884.43857677,16397515.795654641,bilateral,65577489.425266124,10826843504.111435,0.0,5,5,source,valid,flow01_Bscan249,249,1.0
flow01,210,1407.0,-57.64999999999999,-57.64999999999999,378482950.8303848,19334202.15733545,15931982.770555058,17633092.463945255,15017747.92709689,16060471.62142052,12267251.222787023,bilateral,360849858.3664395,59576311616.29915,0.0,5,5,source,valid,flow01_Bscan249,249,1.0
flow01,211,1413.7,-50.94999999999999,-50.94999999999999,420440985.66640574,21030493.316592596,28750669.088962637,24890581.202777617,24782774.436668392,16934030.66807183,18531256.1212083,bilateral,395550404.4636281,65305371776.94502,0.0,5,5,source,valid,flow01_Bscan249,249,1.0
flow01,212,1420.4,-44.24999999999999,-44.24999999999999,105739498.40388304,21219583.27411572,16738426.800015341,18979005.03706553,17597561.624681596,12598554.218679339,16128307.583192138,bilateral,86760493.3668175,14324157454.861567,0.0,5,5,source,valid,flow01_Bscan249,249,1.0
flow01,213,1427.1000000000001,-37.54999999999999,-37.54999999999999,59467011.53017202,12974359.474152634,13757540.655700546,13365950.06492659,12800705.417927023,7045827.131659173,7745842.00309166,bilateral,46101061.465245426,7611285247.912022,0.0,5,5,source,valid,flow01_Bscan249,249,1.0
flow01,214,1433.8,-30.84999999999999,-30.84999999999999,131160395.30497113,14271455.232200896,38031509.35621443,26151482.294207662,23634035.977373026,16698005.548206083,15127648.115128856,bilateral,105008913.01076347,17336971538.077045,0.0,5,5,source,valid,flow01_Bscan249,249,1.0
flow01,215,1440.5,-24.149999999999988,-24.149999999999988,173771717.0510956,27283935.875450164,20109089.077556413,23696512.47650329,17678757.800323624,22507407.63727647,24014557.31029534,bilateral,150075204.57459232,24777416275.26519,0.0,5,5,source,valid,flow01_Bscan249,249,1.0
flow01,216,1447.2,-17.44999999999999,-17.44999999999999,84295104.36063172,21101835.530977864,36647884.426196754,28874859.978587307,23863563.12208354,24518458.10178971,26903838.23845013,bilateral,55420244.38204441,9149882347.47553,0.0,5,5,source,valid,flow01_Bscan249,249,1.0
flow01,217,1453.9,-10.74999999999999,-10.74999999999999,105664024.32510582,24045962.24569733,6398662.178847462,15222312.212272396,15367643.270856077,11251717.062476415,14325091.40849557,bilateral,90441712.11283343,14931926669.828794,0.0,5,5,source,valid,flow01_Bscan249,249,1.0
flow01,218,1460.6000000000001,-4.049999999999989,-4.049999999999989,82300680.07852232,35541730.37233312,6202453.548174836,20872091.960253976,22113228.422475345,11540781.651955893,15392119.619798025,bilateral,61428588.11826835,10141859898.326103,0.0,5,5,source,valid,flow01_Bscan249,249,1.0
flow01,219,1467.3,2.6500000000000115,2.6500000000000115,110528391.69573712,9677440.517927093,24458816.02046762,17068128.26919736,11339955.451585982,16058809.255364947,14422964.184688192,bilateral,93460263.42653976,15430289491.721708,0.8955223880597032,5,5,source_tail_boundary,valid,flow01_Bscan249,249,1.0
flow01,220,1474.0,9.350000000000012,9.350000000000012,79171754.97750622,23536390.080310665,29073414.87221058,26304902.476260625,22450500.9831095,15174366.205203991,16839355.976306945,bilateral,52866852.501245596,8728317347.955648,1.0,5,5,tail,valid,flow01_Bscan249,249,1.0
flow01,221,1480.7,16.05000000000001,16.05000000000001,40592662.7703333,32223860.4338497,31378333.31155284,31801096.872701276,19962195.637566973,28803810.52384996,22598339.082267728,bilateral,8791565.897632021,1451487529.699046,1.0,5,5,tail,valid,flow01_Bscan249,249,1.0
flow01,222,1487.4,22.75000000000001,22.75000000000001,59572792.658543415,26237589.092405096,17526248.704877757,21881918.89864143,16022149.607098406,20301599.837081112,21764459.159257475,bilateral,37690873.759901986,6222763257.759818,1.0,5,5,tail,valid,flow01_Bscan249,249,1.0
flow01,223,1494.1000000000001,29.450000000000014,29.450000000000014,50457199.38073098,16474530.755265495,34452033.49080438,25463282.12303494,24486475.2136719,15059472.534190457,9733697.88838822,bilateral,24993917.25769604,4126495739.2456145,1.0,5,5,tail,valid,flow01_Bscan249,249,1.0
flow01,224,1500.8,36.15000000000001,36.15000000000001,63260718.485241085,38360282.22344432,11090652.153339876,24725467.188392095,32743671.726691287,15520242.144171063,9870782.90508291,bilateral,38535251.29684899,6362169989.109766,1.0,5,5,tail,valid,flow01_Bscan249,249,1.0
flow01,225,1507.5,42.850000000000016,42.850000000000016,94697083.34294222,9359572.060511664,15636302.200827226,12497937.130669445,9136053.446889527,11249900.403018415,11246367.393832399,bilateral,82199146.21227278,13571079039.64623,1.0,5,5,tail,valid,flow01_Bscan249,249,1.0
flow01,226,1514.2,49.55000000000001,49.55000000000001,48951636.51630659,19016963.79038147,22000443.74784735,20508703.76911441,18048086.644088443,12623415.105111044,15781410.5178599,bilateral,28442932.747192178,4695928196.56143,1.0,5,5,tail,valid,flow01_Bscan249,249,1.0
flow01,227,1520.9,56.250000000000014,56.250000000000014,68643136.16230823,19320811.463041138,18823532.73835908,19072172.100700106,18600001.660930928,10371720.852142517,5909805.004416593,bilateral,49570964.06160812,8184166166.571501,1.0,5,5,tail,valid,flow01_Bscan249,249,1.0
flow01,228,1527.6000000000001,62.95000000000001,62.95000000000001,48783263.236441664,30930924.01393432,14315948.862952355,22623436.43844334,16485804.638386056,17095929.526808914,7028398.184794329,bilateral,26159826.797998324,4318987404.3495245,1.0,5,5,tail,valid,flow01_Bscan249,249,1.0
flow01,229,1534.3,69.65000000000002,69.65000000000002,46313787.173672825,21995028.876108553,13442822.735974422,17718925.806041487,12694740.511670161,20538477.2446403,16808220.509767983,bilateral,28594861.36763134,4721011611.795932,1.0,5,5,tail,valid,flow01_Bscan249,249,1.0
flow01,230,1541.0,76.35000000000001,76.35000000000001,44577588.83926492,30797918.705738135,29992780.603668492,30395349.654703308,23640369.388548307,25793512.023210477,19876462.907852434,bilateral,14182239.184561614,2341487689.3711205,1.0,5,5,tail,valid,flow01_Bscan249,249,1.0
flow01,231,1547.7,83.05000000000001,83.05000000000001,50269015.15212987,19112019.687824916,19236165.524095483,19174092.605960198,15935151.343780553,13906723.596908972,10702443.553885415,bilateral,31094922.546169676,5133771712.372612,1.0,5,5,tail,valid,flow01_Bscan249,249,1.0
flow01,232,1554.4,89.75000000000001,89.75000000000001,26692712.061208412,18034089.088761043,43627726.86012852,30830907.974444777,21002009.15110738,23818058.631762058,17593774.27505435,bilateral,-4138195.9132363647,-683216145.2753233,1.0,5,5,tail,valid,flow01_Bscan249,249,1.0
flow01,233,1561.1000000000001,96.45000000000002,96.45000000000002,62903781.121537924,9897658.441908736,14530127.406604335,12213892.924256537,11147661.924835587,9102249.24490147,11183789.40535194,bilateral,50689888.19728139,8368900541.371152,1.0,5,5,tail,valid,flow01_Bscan249,249,1.0
flow01,234,1567.8,103.15000000000002,103.15000000000002,33414273.569786053,18691883.554031,23368179.234311547,21030031.394171275,16038070.223843565,16796635.548271976,15688856.883576736,bilateral,12384242.175614778,2044638383.1940002,1.0,5,5,tail,valid,flow01_Bscan249,249,1.0
flow01,235,1574.5,109.85000000000001,109.85000000000001,105482945.76397619,13896537.068293493,24470030.066428356,19183283.567360926,15877668.35245868,13389551.14391451,11773976.032457946,bilateral,86299662.19661526,14248074228.66118,1.0,5,5,tail,valid,flow01_Bscan249,249,1.0
flow01,236,1581.2,116.55000000000001,116.55000000000001,23416648.404513046,48226670.72717385,33288305.711687457,40757488.21943066,50868582.89151499,26934988.128426544,38495269.35986816,bilateral,-17340839.814917617,-2862972653.4428983,1.0,5,5,tail,valid,flow01_Bscan249,249,1.0
flow01,237,1587.9,123.25000000000001,123.25000000000001,43533288.13316078,12206016.527379561,7606492.474470819,9906254.500925193,5461096.047681433,10141985.791640634,4721795.85735759,bilateral,33627033.63223559,5551823252.682095,1.0,5,5,tail,valid,flow01_Bscan249,249,1.0
flow01,238,1594.6000000000001,129.95000000000002,129.95000000000002,44073672.51765711,14396312.46995934,21321332.26308022,17858822.36651978,14478285.964935627,16543164.888932269,14866368.60349697,bilateral,26214850.15113733,4328071759.952772,1.0,5,5,tail,valid,flow01_Bscan249,249,1.0
flow01,239,1601.3,136.65,136.65,48400158.95465188,32795032.448698718,25139653.270110138,28967342.859404426,21957150.40027457,20448282.62388971,16042938.283120446,bilateral,19432816.09524745,3208357937.3253546,1.0,5,5,tail,valid,flow01_Bscan249,249,1.0
flow01,240,1608.0,143.35000000000002,143.35000000000002,79448502.24114929,46722839.500948325,28980760.003602497,37851799.752275415,30795754.326681692,22682262.430164315,20803099.89986967,bilateral,41596702.48887388,6867615580.913081,1.0,5,5,tail,valid,flow01_Bscan249,249,1.0
flow01,241,1614.7,150.05,150.05,58607559.07333397,34229497.87892454,28551173.990503114,31390335.93471383,24322546.07304053,20953563.471335042,22169129.749597095,bilateral,27217223.138620142,4493563540.186188,1.0,5,5,tail,valid,flow01_Bscan249,249,1.0
flow01,242,1621.4,156.75000000000003,156.75000000000003,31923512.29193518,35351461.43241988,27877883.210998766,31614672.321709324,30728905.366413254,24436782.89944821,22196071.539596405,bilateral,308839.9702258557,50989479.08428712,1.0,5,5,tail,valid,flow01_Bscan249,249,1.0
flow01,243,1628.1000000000001,163.45000000000002,163.45000000000002,57507861.373037964,23055036.87055413,16311423.92746072,19683230.39900743,13162542.962099394,17538599.654674612,5093793.951741216,bilateral,37824630.97403054,6244846573.812441,1.0,5,5,tail,valid,flow01_Bscan249,249,1.0
flow01,244,1634.8,170.15,170.15,38936981.49002028,22395425.220143758,14335156.144660696,18365290.68240223,18707285.98438834,9836939.861707639,12854179.038347494,bilateral,20571690.80761805,3396386152.3377404,1.0,5,5,tail,valid,flow01_Bscan249,249,1.0
flow01,245,1641.5,176.85000000000002,176.85000000000002,43053442.546210915,33419105.184865586,23700375.909536067,28559740.54720082,20920668.78680759,22552576.533959847,24966833.652971756,bilateral,14493701.999010094,2392910200.036566,1.0,5,5,tail,valid,flow01_Bscan249,249,1.0
flow01,246,1648.2,183.55,183.55,26431200.106968943,23970629.29404838,17740118.569104802,20855373.93157659,15675430.74954965,24323753.152932137,24961901.186792072,bilateral,5575826.175392352,920568901.5572773,1.0,5,5,tail,valid,flow01_Bscan249,249,1.0
flow01,247,1654.9,190.25000000000003,190.25000000000003,25128990.19689481,23389358.89826872,27410063.21206813,25399711.055168424,26938940.421174664,13339184.810670696,18043287.48510014,bilateral,-270720.8582736142,-44696013.700973466,1.0,5,5,tail,valid,flow01_Bscan249,249,1.0
flow01,248,1661.6000000000001,196.95000000000002,196.95000000000002,30009947.81337811,32762842.654577732,15629849.049600959,24196345.852089345,14201182.393085638,19064670.416517764,10324699.065622298,bilateral,5813601.961288765,959825683.8087754,1.0,5,5,tail,valid,flow01_Bscan249,249,1.0
flow01,249,1668.3,203.65,203.65,32230090.079350278,6085283.0218054615,37096576.72835654,21590929.875081,20606119.826412532,11927502.367634023,16358545.637432147,bilateral,10639160.204269279,1756525349.724858,1.0,5,5,tail,valid,flow01_Bscan249,249,1.0
flow01,250,1675.0,210.35000000000002,210.35000000000002,49291553.84058249,26184944.11949269,17312618.042096604,21748781.08079465,13712932.257200247,19009352.84302505,10858983.325422242,bilateral,27542772.75978784,4547311782.640973,1.0,5,5,tail,valid,flow01_Bscan249,249,1.0
flow01,251,1681.7,217.05,217.05,25961841.437999837,42360208.97477231,36551655.26080482,39455932.11778857,30201894.44138418,26767935.504994825,17486854.310932137,bilateral,-13494090.679788731,-2227874371.2331195,1.0,5,5,tail,valid,flow01_Bscan249,249,1.0
flow01,252,1688.4,223.75000000000003,223.75000000000003,22301382.860783823,34463314.26317427,15774647.954505518,25118981.10883989,18857239.100424293,18634849.941790298,16997738.52489276,bilateral,-2817598.248056069,-465185470.7540566,1.0,5,5,tail,valid,flow01_Bscan249,249,1.0
flow01,253,1695.1000000000001,230.45000000000002,230.45000000000002,37383163.04625063,11262586.97842123,30125972.630761635,20694279.804591436,19141214.939735726,16575181.791631784,10272442.370038189,bilateral,16688883.24165919,2755334623.1979322,1.0,5,5,tail,valid,flow01_Bscan249,249,1.0
flow01,254,1701.8,237.15,237.15,34733876.92262869,13977369.893745583,14135893.178840935,14056631.536293259,11118018.217694473,14638013.85856909,12673259.92513851,bilateral,20677245.386335433,3413813213.283979,1.0,5,5,tail,valid,flow01_Bscan249,249,1.0
flow01,255,1708.5,243.85000000000002,243.85000000000002,50097433.86518406,27209937.356899314,31507639.087100197,29358788.221999757,24451383.2174302,20003381.60133349,23372362.494485635,bilateral,20738645.643184304,3423950395.689727,1.0,5,5,tail,valid,flow01_Bscan249,249,1.0
flow01,256,1715.2,250.55,250.55,36459086.74541524,27454073.949063472,30242401.90855568,28848237.928809583,23564971.68860654,29186437.940481853,26103880.87342532,bilateral,7610848.816605657,1256551139.6215937,1.0,5,5,tail,valid,flow01_Bscan249,249,1.0
flow01,257,1721.9,257.25,257.25,34051461.116780944,24628844.24774214,13296334.090219768,18962589.168980952,21329460.477580678,10343262.244934166,10516043.100936519,bilateral,15088871.947799992,2491172758.581778,1.0,5,5,tail,valid,flow01_Bscan249,249,1.0
flow01,258,1728.6000000000001,263.95000000000005,263.95000000000005,40672616.79946348,22558378.48555678,25259056.021390907,23908717.25347384,18282165.8662963,25917712.28989504,26657351.63498378,bilateral,16763899.54598964,2767719815.042889,1.0,5,5,tail,valid,flow01_Bscan249,249,1.0
flow01,259,1735.3,270.65000000000003,270.65000000000003,32198806.697005823,19239376.501755632,16170201.979756285,17704789.240755957,11595939.100781439,12805855.072878849,8064394.388715604,bilateral,14494017.456249867,2392962282.0268517,1.0,5,5,tail,valid,flow01_Bscan249,249,1.0
flow01,260,1742.0,277.35,277.35,30782946.606391016,19187893.446340494,21108201.98447337,20148047.715406932,18347360.54214057,18273363.767319344,13261136.339048699,bilateral,10634898.890984084,1755821806.901471,1.0,5,5,tail,valid,flow01_Bscan249,249,1.0
flow01,261,1748.7,284.05,284.05,32049224.88221772,13696876.008957654,39348804.65304864,26522840.331003148,27878949.682010725,17535943.658468314,11950716.228317173,bilateral,5526384.551214572,912406089.4055262,1.0,5,5,tail,valid,flow01_Bscan249,249,1.0
flow01,262,1755.4,290.75,290.75,26550988.352542467,67459286.46465477,18730288.317272928,43094787.39096385,54923154.78749795,25817923.292971622,22528146.91693491,bilateral,-16543799.038421385,-2731381221.24337,1.0,5,5,tail,valid,flow01_Bscan249,249,1.0
flow01,263,1762.1000000000001,297.45000000000005,297.45000000000005,31012339.516428385,22487079.055643763,13330419.793775361,17908749.42470956,11743024.816709805,16263483.873763185,6968575.502485672,bilateral,13103590.091718826,2163402724.142779,1.0,5,5,tail,valid,flow01_Bscan249,249,1.0
flow01,264,1768.8,304.15000000000003,304.15000000000003,43197798.411852926,15827259.297634717,23203894.40408478,19515576.850859746,16355153.375658639,18897369.141768083,25022884.693854496,bilateral,23682221.56099318,3909934779.7199726,1.0,5,5,tail,valid,flow01_Bscan249,249,1.0
flow01,265,1775.5,310.85,310.85,23785257.269227862,15148391.22165058,17804602.52264732,16476496.872148952,10398248.429062886,14590457.619378246,6794829.297915444,bilateral,7308760.397078911,1206676341.557727,1.0,5,5,tail,valid,flow01_Bscan249,249,1.0
flow01,266,1782.2,317.55,317.55,23613183.480693784,6454682.719753388,41306639.977861464,23880661.348807424,30315685.7983476,12402414.443038799,14416689.306422105,bilateral,-267477.8681136407,-44160596.025561936,1.0,5,5,tail,valid,flow01_Bscan249,249,1.0
flow01,267,1788.9,324.25,324.25,25168025.3698501,24739433.98657099,8541490.07086962,16640462.028720304,13524473.50326885,12543966.150268745,14476804.863990156,bilateral,8527563.341129795,1407900707.620528,1.0,5,5,tail,valid,flow01_Bscan249,249,1.0
flow01,268,1795.6000000000001,330.95000000000005,330.95000000000005,22310458.16013429,34968168.64752979,20897776.490857936,27932972.56919386,22092062.516770143,25594325.01054764,30390285.51060766,bilateral,-5622514.409059569,-928277128.9357349,1.0,5,5,tail,valid,flow01_Bscan249,249,1.0
flow01,269,1802.3,337.65000000000003,337.65000000000003,36096859.48051399,10057338.626394583,21079961.722157013,15568650.174275797,18642351.434742726,7546945.275640387,8152937.2001223415,bilateral,20528209.306238193,3389207356.4599257,1.0,5,5,tail,valid,flow01_Bscan249,249,1.0
flow01,270,1809.0,344.35,344.35,23693969.60657168,24837715.626668204,16627022.404887388,20732369.015777793,10881931.439653609,23251020.141296845,11442367.201439792,bilateral,2961600.590793889,488960257.54007167,1.0,5,5,tail,valid,flow01_Bscan249,249,1.0
flow01,271,1815.7,351.05,351.05,28369779.779633127,18256305.258749846,24401760.736761864,21329032.997755855,7379877.8215827625,21002343.054761358,10057377.782429624,bilateral,7040746.781877272,1162427293.687938,1.0,5,5,tail,valid,flow01_Bscan249,249,1.0
flow01,272,1822.4,357.75,357.75,17900104.0117751,15869328.195834184,23803447.356323533,19836387.776078857,23084432.243095588,14909407.071768802,14927171.74420275,bilateral,-1936283.7643037587,-319680449.48655015,1.0,5,5,tail,valid,flow01_Bscan249,249,1.0
flow01,273,1829.1000000000001,364.45000000000005,364.45000000000005,19546664.40073774,8066683.061768984,20200080.831633493,14133381.946701238,11214088.554181725,12065309.621719487,10574983.972356778,bilateral,5413282.454036502,893732933.1614262,1.0,5,5,tail,valid,flow01_Bscan249,249,1.0
flow01,274,1835.8,371.15000000000003,371.15000000000003,39374815.9284586,14460862.722804775,20529205.652587313,17495034.187696043,13953214.453182958,12167037.859757707,11212358.091219256,bilateral,21879781.740762558,3612351965.3998985,1.0,5,5,tail,valid,flow01_Bscan249,249,1.0
flow01,275,1842.5,377.85,377.85,28549971.50612797,31993866.936460268,28894478.928281117,30444172.932370692,21925656.43982985,18326593.65099805,14064931.554123523,bilateral,-1894201.426242724,-312732655.4726736,1.0,5,5,tail,valid,flow01_Bscan249,249,1.0
flow01,276,1849.2,384.55,384.55,24946660.771307785,20825153.00799656,61320357.25204408,41072755.13002031,44340917.82988995,26598494.565826602,34981999.719258234,bilateral,-16126094.358712528,-2662418178.6234393,1.0,5,5,tail,valid,flow01_Bscan249,249,1.0
flow01,277,1855.9,391.25,391.25,28438837.33546789,22608114.59956709,19222628.824381344,20915371.71197422,23174745.601583038,18254033.84483637,20546977.842543945,bilateral,7523465.623493671,1242124174.4388056,1.0,5,5,tail,valid,flow01_Bscan249,249,1.0
flow01,278,1862.6000000000001,397.95000000000005,397.95000000000005,27212809.267018035,20435041.89661805,19048306.172328226,19741674.034473144,16105750.066375095,15692607.377653768,10436337.837371115,bilateral,7471135.232544892,1233484426.8931615,1.0,5,5,tail,valid,flow01_Bscan249,249,1.0
flow01,279,1869.3,404.65000000000003,404.65000000000003,35267770.300507635,45492999.577347025,54361857.42585131,49927428.50159917,48342957.18966127,27116960.186196733,26371805.144585665,bilateral,-14659658.201091535,-2420309569.0002136,1.0,5,5,tail,valid,flow01_Bscan249,249,1.0
flow01,280,1876.0,411.35,411.35,34356088.35469616,37926423.070594646,35903691.03289496,36915057.051744804,22351516.642297335,33358486.43888466,30222094.8322248,bilateral,-2558968.6970486417,-422485731.8827304,1.0,5,5,tail,valid,flow01_Bscan249,249,1.0
flow01,281,1882.7,418.05,418.05,27530570.616493642,39641361.13815917,21460202.785154004,30550781.96165659,33765403.6599618,20755905.228352427,14456456.103112359,bilateral,-3020211.3451629467,-498636893.08640146,1.0,5,5,tail,valid,flow01_Bscan249,249,1.0
flow01,282,1889.4,424.75,424.75,31701171.324073043,18804343.93627838,18475374.228807233,18639859.082542807,12274632.339033462,14889483.586360347,8008716.518662117,bilateral,13061312.241530236,2156422651.076641,1.0,5,5,tail,valid,flow01_Bscan249,249,1.0
flow01,283,1896.1000000000001,431.45000000000005,431.45000000000005,27933699.048077855,24678234.73477778,16086845.07976091,20382539.90726934,23023608.299292352,10687042.208103249,13378865.387432856,bilateral,7551159.140808515,1246696374.1474845,1.0,5,5,tail,valid,flow01_Bscan249,249,1.0
flow01,284,1902.8,438.15000000000003,438.15000000000003,23963551.5922356,53556628.650791936,23808188.82523133,38682408.738011636,31363827.219984867,25743264.770798855,20266806.318092555,bilateral,-14718857.145776037,-2430083314.7676244,1.0,5,5,tail,valid,flow01_Bscan249,249,1.0
flow01,285,1909.5,444.85,444.85,23208947.440963592,14041928.227730442,30064443.420392793,22053185.824061617,26809033.499521438,13526393.286972644,13213450.15669849,bilateral,1155761.6169019751,190816242.95051634,1.0,5,5,tail,valid,flow01_Bscan249,249,1.0
flow01,286,1916.2,451.55,451.55,25888579.74108849,34522016.54864862,23490946.009299524,29006481.278974075,17630842.097712573,24383962.25921507,21696386.292883314,bilateral,-3117901.537885584,-514765543.9049101,1.0,5,5,tail,valid,flow01_Bscan249,249,1.0
flow01,287,1922.9,458.25,458.25,20741125.91915193,26256934.085399065,24213984.114340186,25235459.099869628,31211414.674514312,10539756.604019012,13563490.40899498,bilateral,-4494333.180717699,-742014408.1364918,1.0,5,5,tail,valid,flow01_Bscan249,249,1.0
flow01,288,1929.6000000000001,464.95000000000005,464.95000000000005,21499718.38209307,21086790.627007682,15754581.470048565,18420686.048528124,9137531.690687614,20492045.72926562,12085088.2100832,bilateral,3079032.3335649446,508348238.27157223,1.0,5,5,tail,valid,flow01_Bscan249,249,1.0
flow01,289,1936.3,471.65000000000003,471.65000000000003,17939096.63994123,52012519.439078085,17393445.614945337,34702982.52701171,38015949.86429789,19744571.199356094,22149528.679779198,bilateral,-16763885.887070477,-2767717559.9553356,1.0,5,5,tail,valid,flow01_Bscan249,249,1.0
flow01,290,1943.0,478.35,478.35,23827017.189147267,22467725.717120916,27017649.85320311,24742687.78516201,24776603.983421504,19732541.563708767,12601360.550762052,bilateral,-915670.5960147418,-151177215.40203452,1.0,5,5,tail,valid,flow01_Bscan249,249,1.0
flow01,291,1949.7,485.05,485.05,17556048.555493563,15552420.647419,12153790.720404923,13853105.68391196,8090046.231165209,10955750.025018215,5931476.766328385,bilateral,3702942.871581603,611355868.0981225,1.0,5,5,tail,valid,flow01_Bscan249,249,1.0
flow01,292,1956.4,491.75,491.75,22614288.303022448,32538592.802460037,16271596.92448338,24405094.863471713,24689484.551840987,12753050.21336815,15119851.205866847,bilateral,-1790806.560449265,-295662163.13017356,1.0,5,5,tail,valid,flow01_Bscan249,249,1.0
flow01,293,1963.1000000000001,498.45000000000005,498.45000000000005,22055376.77119341,30559862.619638998,40175247.14991011,35367554.88477455,22433737.600682,36935587.98560178,25890669.988322023,bilateral,-13312178.11358114,-2197840606.552246,0.7313432835820777,5,5,tail,valid,flow01_Bscan249,249,1.0
flow01,294,1969.8,505.15000000000003,505.15000000000003,20054139.78735375,15924395.902730096,25011621.547159858,20468008.72494497,18911678.745399676,15224977.983514244,4813416.714699617,bilateral,-413868.9375912212,-68329761.59631033,0.0,5,5,other,valid,flow01_Bscan249,249,1.0
flow01,295,1976.5,511.85,511.85,16568951.180758433,38396783.055358544,11649015.93725456,25022899.49630655,20100126.084581114,14699158.490562636,10694824.279283384,bilateral,-8453948.315548116,-1395746866.896994,0.0,5,5,other,valid,flow01_Bscan249,249,1.0
flow01,296,1983.2,518.5500000000001,518.5500000000001,16980499.249939993,17257943.875329785,15248059.676433742,16253001.775881764,10630741.083515953,14284705.999130603,5876018.273725758,bilateral,727497.4740582295,120109832.96701305,0.0,5,5,other,valid,flow01_Bscan249,249,1.0
flow01,297,1989.9,525.25,525.25,27290828.793417446,35944045.74536382,25636997.53867359,30790521.642018706,36636454.661663316,10462764.698105894,7148028.174980999,bilateral,-3499692.8486012593,-577799289.3040699,0.0,5,5,other,valid,flow01_Bscan249,249,1.0
flow01,298,1996.6000000000001,531.95,531.95,39206908.887647055,29049557.15799693,56795512.02438541,42922534.59119116,25091812.20289244,42194062.504590936,32037605.55082899,bilateral,-3715625.7035441026,-613449803.6551301,0.0,5,5,other,valid,flow01_Bscan249,249,1.0
flow01,299,2003.3,538.65,538.65,28333162.537501156,15300488.841774147,15599760.27652135,15450124.55914775,15988252.907447193,13321452.951842178,8293367.647897305,bilateral,12883037.978353407,2126989570.2261462,0.0,5,5,other,valid,flow01_Bscan249,249,1.0
flow01,300,2010.0,545.35,545.35,19343361.163205225,18089902.44964098,18220595.833574988,18155249.14160798,21619340.901917506,7207623.869135225,5845536.383470236,bilateral,1188112.0215972438,196157294.7657053,0.0,5,5,other,valid,flow01_Bscan249,249,1.0
flow01,301,2016.7,552.0500000000001,552.0500000000001,18681411.3983015,37650931.35104944,13332181.335308727,25491556.343179084,16368432.798589692,20978846.066499762,10035811.995989107,bilateral,-6810144.9448775835,-1124354930.3992887,0.0,5,5,other,valid,flow01_Bscan249,249,1.0
flow01,302,2023.4,558.75,558.75,15593144.696389,23601011.128633205,32931492.819940537,28266251.974286873,20501644.347467165,25922260.562596176,16305332.516993774,bilateral,-12673107.277897872,-2092330011.5809388,0.0,5,5,other,valid,flow01_Bscan249,249,1.0
flow01,303,2030.1000000000001,565.45,565.45,33690519.03358035,19952417.118670385,46788598.97947866,33370508.04907452,25491073.154695716,29026470.26540794,34448001.18913656,bilateral,320010.98450582847,52833813.54191237,0.0,5,5,other,valid,flow01_Bscan249,249,1.0
flow01,304,2036.8,572.15,572.15,27611086.602175273,20216385.908670593,21233269.338821225,20724827.62374591,12633848.350806013,20562875.725952256,18657912.292125665,bilateral,6886258.978429362,1136921357.338688,0.0,5,5,other,valid,flow01_Bscan249,249,1.0
flow01,305,2043.5,578.85,578.85,25472807.220649734,28193433.553599168,8389999.557533303,18291716.555566233,23180642.607201993,5450307.9304353,6727961.260900394,bilateral,7181090.6650835015,1185598068.8052866,0.0,5,5,other,valid,flow01_Bscan249,249,1.0
flow01,306,2050.2000000000003,585.5500000000001,585.5500000000001,25680074.743517138,21675566.70845657,15825572.325875133,18750569.517165847,20938565.415907715,9374971.093551457,12120836.26598328,bilateral,6929505.226351291,1144061312.8705986,0.0,5,5,other,valid,flow01_Bscan249,249,1.0
flow01,307,2056.9,592.25,592.25,24652024.656395752,20414002.52667095,16033780.733171294,18223891.62992112,14887437.985711671,12793051.115721434,6401721.567654411,bilateral,6428133.026474632,1061284762.6709616,0.0,5,5,other,valid,flow01_Bscan249,249,1.0
flow01,308,2063.6,598.95,598.95,22467775.393401846,27476544.14506183,13934424.035491023,20705484.090276428,21293500.35110677,16635150.642230641,17334535.236159854,bilateral,1762291.3031254187,290954294.1460068,0.0,5,5,other,valid,flow01_Bscan249,249,1.0
flow01,309,2070.3,605.65,605.65,17275907.734007683,17966584.62005565,26071175.97531452,22018880.297685087,15582302.381865239,22120776.75931797,21171636.54186887,bilateral,-4742972.563677404,-783064770.2631394,0.0,5,5,other,valid,flow01_Bscan249,249,1.0
flow01,310,2077.0,612.35,612.35,32554081.56354114,6670807.839385664,30706604.923668694,18688706.381527178,25543565.941438287,11915622.595663026,15366003.533889333,bilateral,13865375.182013962,2289173442.5505056,0.0,5,5,other,valid,flow01_Bscan249,249,1.0
flow01,311,2083.7000000000003,619.0500000000001,619.0500000000001,29485631.987088032,15321687.077925686,47244737.25039146,31283212.164158564,36184862.47212086,14917302.983712241,11457119.710277341,bilateral,-1797580.177070532,-296780487.2343444,0.0,5,5,other,valid,flow01_Bscan249,249,1.0
flow01,312,2090.4,625.75,625.75,19425244.97744153,26107950.48998449,15974158.701434577,21041054.595709532,12544009.82177457,21093828.000966333,12353485.9238839,bilateral,-1615809.6182680018,-266770167.9760468,0.0,5,5,other,valid,flow01_Bscan249,249,1.0
flow01,313,2097.1,632.45,632.45,38937071.17959288,7164048.780332622,31636109.89054078,19400079.3354367,23358043.48230785,14783337.670771088,9852437.32234527,bilateral,19536991.844156176,3225557353.470184,0.0,5,5,other,valid,flow01_Bscan249,249,1.0
flow01,314,2103.8,639.15,639.15,26747489.46404821,10084826.025443075,24032805.884593643,17058815.95501836,18329028.36398326,7669575.331685634,10156237.24532497,bilateral,9688673.50902985,1599599996.3408277,0.0,5,5,other,valid,flow01_Bscan249,249,1.0
flow01,315,2110.5,645.85,645.85,20918787.88507738,39211436.75747131,20404781.24518658,29808109.001328945,25580304.44097836,23839169.83122099,26418127.223927975,bilateral,-8889321.116251566,-1467626916.2931333,0.0,5,5,other,valid,flow01_Bscan249,249,1.0
flow01,316,2117.2000000000003,652.5500000000001,652.5500000000001,13402831.075923406,17360707.695609532,42178149.92136836,29769428.808488946,31095932.93964546,22299759.374734163,16847340.29209979,bilateral,-16366597.73256554,-2702125285.6465707,0.0,5,5,other,valid,flow01_Bscan249,249,1.0
flow01,317,2123.9,659.25,659.25,23498617.40881415,22230542.037583806,21288894.46599751,21759718.251790654,13059734.502195785,25872658.494281754,7915472.069208489,bilateral,1738899.157023497,287092250.8245789,0.0,5,5,other,valid,flow01_Bscan249,249,1.0
flow01,318,2130.6,665.95,665.95,15647071.593828764,24792106.75398735,24860219.813955665,24826163.283971507,20262279.98233678,21858352.521349683,19005382.636990108,bilateral,-9179091.690142743,-1515468038.0425663,0.0,5,5,other,valid,flow01_Bscan249,249,1.0
flow01,319,2137.3,672.65,672.65,20608994.45648524,17744521.728777695,29215541.811833344,23480031.77030552,13781387.96751347,20710426.619026266,14325379.1835496,bilateral,-2871037.31382028,-474008260.5117279,0.0,5,5,other,valid,flow01_Bscan249,249,1.0
flow01,320,2144.0,679.35,679.35,23834948.425028786,25161880.934970833,13553991.222008402,19357936.078489617,16825884.242651623,13112062.414905246,9183874.705671366,bilateral,4477012.34653917,739154738.4136169,0.0,5,5,other,valid,flow01_Bscan249,249,1.0
flow01,321,2150.7000000000003,686.0500000000001,686.0500000000001,23065610.23875052,14366779.974593487,32052752.150329363,23209766.062461425,20301701.261240136,21765623.701930344,21619262.225945417,bilateral,-144155.82371090353,-23800126.49467003,0.0,5,5,other,valid,flow01_Bscan249,249,1.0
flow01,322,2157.4,692.75,692.75,21259652.79246656,55177112.637946665,28504689.717509847,41840901.17772825,32756346.407014973,34926701.95497576,15031338.986664832,bilateral,-20581248.385261692,-3397964108.406705,0.0,5,5,other,valid,flow01_Bscan249,249,1.0
flow01,323,2164.1,699.45,699.45,22990387.462986268,11000174.703453096,13127776.311700637,12063975.507576864,5773906.451181366,11399134.778991826,7123387.268907454,bilateral,10926411.955409404,1803950613.8380916,0.0,5,5,other,valid,flow01_Bscan249,249,1.0
flow01,324,2170.8,706.15,706.15,29035293.957214832,22723574.595723595,44675300.864951596,33699437.73033759,32689405.689911485,21802408.219476014,16059687.323549142,bilateral,-4664143.773122758,-770050136.9425675,0.0,5,5,other,valid,flow01_Bscan249,249,1.0
flow01,325,2177.5,712.85,712.85,26581983.962779228,23124169.24931005,39758259.59726878,31441214.42328942,30526743.812321056,21195811.08756447,21352896.12937382,bilateral,-4859230.460510191,-802258949.0302327,0.0,5,5,other,valid,flow01_Bscan249,249,1.0
flow01,326,2184.2000000000003,719.5500000000001,719.5500000000001,30720949.96368564,21187110.035684854,17960907.798138175,19574008.916911516,17868157.746898845,17391844.94415196,9934530.07982315,bilateral,11146941.046774123,1840359966.8224082,0.0,5,5,other,valid,flow01_Bscan249,249,1.0
flow01,327,2190.9,726.25,726.25,21761809.009177454,32874960.722241264,12096379.876494566,22485670.299367916,26866010.942552906,10239547.610611767,10971484.963614967,bilateral,-723861.290190462,-119509499.01044437,0.0,5,5,other,valid,flow01_Bscan249,249,1.0
flow01,328,2197.6,732.95,732.95,28784616.06382845,12311374.855462415,20366100.432982747,16338737.644222582,12842425.16726968,15516799.275623273,8484243.964622263,bilateral,12445878.419605868,2054814527.0769289,0.0,5,5,other,valid,flow01_Bscan249,249,1.0
flow01,329,2204.3,739.65,739.65,26302114.894672897,35711137.93848641,49936710.29328058,42823924.1158835,42892900.734517016,23014249.845354393,29502860.961513553,bilateral,-16521809.221210603,-2727750702.4218693,0.0,5,5,other,valid,flow01_Bscan249,249,1.0
flow01,330,2211.0,746.35,746.35,16264911.28896001,30040935.88178268,7929499.863913899,18985217.87284829,24299920.311352346,7164694.860908242,2637251.141975476,bilateral,-2720306.583888281,-449122616.9999551,0.0,5,5,other,valid,flow01_Bscan249,249,1.0
flow01,331,2217.7000000000003,753.0500000000001,753.0500000000001,18448500.67830727,51871843.60102607,29363954.325670224,40617898.96334814,29220393.55076486,40688084.74868805,40393605.3121212,bilateral,-22169398.285040874,-3660167656.860248,0.0,5,5,other,valid,flow01_Bscan249,249,1.0
flow01,332,2224.4,759.75,759.75,28102517.304942884,20236848.392079048,21690139.109523226,20963493.750801135,16989317.981977608,15335077.387119165,13321809.14905432,bilateral,7139023.554141749,1178652788.788803,0.0,5,5,other,valid,flow01_Bscan249,249,1.0
flow01,333,2231.1,766.45,766.45,34199141.2089351,34121048.456800856,10466336.94427215,22293692.7005365,19787048.318987627,18009310.931183755,14900321.313812263,bilateral,11905448.508398596,1965589548.7366076,0.0,5,5,other,valid,flow01_Bscan249,249,1.0
flow01,334,2237.8,773.15,773.15,24750674.9775578,18512925.312973905,11915535.807107368,15214230.560040638,12154898.820043929,14099245.329841552,9349387.381650638,bilateral,9536444.417517163,1574466973.3320835,0.0,5,5,other,valid,flow01_Bscan249,249,1.0
flow01,335,2244.5,779.85,779.85,39709837.91409609,34820171.89918047,25588253.660612695,30204212.77989658,29060193.332323924,24553968.663644604,33550011.81819785,bilateral,9505625.134199508,1569378709.6563396,0.0,5,5,other,valid,flow01_Bscan249,249,1.0
flow01,336,2251.2000000000003,786.5500000000001,786.5500000000001,26056634.63217084,48640663.76148784,16055255.815483937,32347959.788485885,28759373.395002536,29742266.97960809,26733116.171479136,bilateral,-6291325.156315044,-1038697783.307613,0.0,5,5,other,valid,flow01_Bscan249,249,1.0
flow01,337,2257.9,793.25,793.25,32090319.63176846,19384784.695802756,44218137.31235379,31801461.00407827,18928297.52018334,31620091.060570575,29846874.92168412,bilateral,288858.6276901923,47690559.4316516,0.0,5,5,other,valid,flow01_Bscan249,249,1.0
flow01,338,2264.6,799.95,799.95,20834953.1778689,31940402.2474746,41910434.32586068,36925418.28666763,24916679.372723587,32144528.62233924,27656022.609716505,bilateral,-16090465.108798731,-2656535789.4626703,0.0,5,5,other,valid,flow01_Bscan249,249,1.0
flow01,339,2271.3,806.65,806.65,13453713.990446221,64061934.078205064,40085526.90031062,52073730.48925784,53098066.104419276,26276312.378226228,30953968.892156146,bilateral,-38620016.49881162,-6376164723.953799,0.0,5,5,other,valid,flow01_Bscan249,249,1.0
flow01,340,2278.0,813.35,813.35,15789738.994392354,39035748.56485482,20023018.308396403,29529383.43662561,21598264.399540327,35748296.36978625,28859740.093099296,bilateral,-13739644.442233257,-2268415297.4127097,0.0,5,5,other,valid,flow01_Bscan249,249,1.0
flow01,341,2284.7000000000003,820.0500000000001,820.0500000000001,14838836.204594327,30058830.81141305,61680288.768774904,45869559.79009398,35177310.341663785,34574126.37234742,33166373.893352926,bilateral,-31030723.58549965,-5123172463.965993,0.0,5,5,other,valid,flow01_Bscan249,249,1.0
flow01,342,2291.4,826.75,826.75,10893590.304330217,15926379.621772597,18284010.976489548,17105195.299131073,9468905.301660232,19537742.42453704,9620944.88342514,bilateral,-6211604.994800856,-1025535984.6416214,0.0,5,5,other,valid,flow01_Bscan249,249,1.0
flow01,343,2298.1,833.45,833.45,34428798.10120456,8950288.620452711,33203930.43947958,21077109.52996615,18083650.660776332,15818416.903548224,18210058.46951709,bilateral,13351688.57123841,2204363783.111461,0.0,5,5,other,valid,flow01_Bscan249,249,1.0
flow01,344,2304.8,840.15,840.15,26076741.682654437,27024314.300729733,45621087.45374086,36322700.8772353,24262449.456453633,33975379.312766984,34798086.23492761,bilateral,-10245959.194580864,-1691607863.0253015,0.0,5,5,other,valid,flow01_Bscan249,249,1.0
flow01,345,2311.5,846.85,846.85,41220441.1797557,37782058.87768922,40957141.88783457,39369600.3827619,37495324.79331066,27376276.38471833,30475739.765866183,bilateral,1850840.7969937995,305573815.58367646,0.0,5,5,other,valid,flow01_Bscan249,249,1.0
flow01,346,2318.2000000000003,853.5500000000001,853.5500000000001,28605101.94114675,10530196.12033895,10346147.081791347,10438171.601065148,7754251.2174723325,9233161.510359954,7056555.232085995,bilateral,18166930.340081602,2999360199.147474,0.0,5,5,other,valid,flow01_Bscan249,249,1.0
flow01,347,2324.9,860.25,860.25,36568954.161295824,41058290.014614664,51601316.66158498,46329803.33809982,56593380.5911518,26341618.933329143,13483896.883084327,bilateral,-9760849.176803999,-1611516199.09034,0.0,5,5,other,valid,flow01_Bscan249,249,1.0
flow01,348,2331.6,866.95,866.95,27253783.086167257,30988914.609536033,9762699.570398562,20375807.089967296,20126276.209941518,11547243.27877868,12136091.375977373,bilateral,6877975.996199962,1135553836.9726136,0.0,5,5,other,valid,flow01_Bscan249,249,1.0
flow01,349,2338.3,873.6500000000001,873.6500000000001,21338806.596030526,27392898.603706144,35512772.84577515,31452835.724740647,31324792.673273668,14873919.611174203,7343001.09067411,bilateral,-10114029.12871012,-1669826209.1500409,0.0,5,5,other,valid,flow01_Bscan249,249,1.0
flow01,350,2345.0,880.35,880.35,25158662.878198422,29891666.37573961,24622323.344522517,27256994.860131063,25224714.698515046,16175941.153092016,22373637.025623903,bilateral,-2098331.98193264,-346434610.21707934,0.0,5,5,other,valid,flow01_Bscan249,249,1.0
